Stock Symbol,Stock Market,Stock Name,INDEX
360ONE,NSE,360 ONE WAM Ltd.,['NIFTY500']
3MINDIA,NSE,3M India Ltd.,['NIFTY500']
A,NYSE/NASDAQ,Agilent Technologies,['S&P 500']
AADHARHFC,NSE,Aadhar Housing Finance Ltd.,['NIFTY500']
AAPL,NYSE/NASDAQ,Apple Inc.,"['DOW JONES', 'S&P 500']"
AARTIIND,NSE,Aarti Industries Ltd.,"['NIFTY500', 'NIFTY_CHEMICALS']"
AAVAS,NSE,Aavas Financiers Ltd.,['NIFTY500']
ABB,NSE,ABB India Ltd.,['NIFTY500']
ABBOTINDIA,NSE,Abbott India Ltd.,"['NIFTY500', 'NIFTY_HEALTH_CARE']"
ABBV,NYSE/NASDAQ,AbbVie,['S&P 500']
ABCAPITAL,NSE,Aditya Birla Capital Ltd.,['NIFTY500']
ABDL,NSE,Allied Blenders and Distillers Ltd.,['NIFTY500']
ABFRL,NSE,Aditya Birla Fashion and Retail Ltd.,['NIFTY500']
ABLBL,NSE,Aditya Birla Lifestyle Brands Ltd.,['NIFTY500']
ABNB,NYSE/NASDAQ,Airbnb,['S&P 500']
ABREL,NSE,Aditya Birla Real Estate Ltd.,['NIFTY500']
ABSLAMC,NSE,Aditya Birla Sun Life AMC Ltd.,['NIFTY500']
ABT,NYSE/NASDAQ,Abbott Laboratories,['S&P 500']
ACC,NSE,ACC Ltd.,['NIFTY500']
ACE,NSE,Action Construction Equipment Ltd.,['NIFTY500']
ACGL,NYSE/NASDAQ,Arch Capital Group,['S&P 500']
ACMESOLAR,NSE,ACME Solar Holdings Ltd.,['NIFTY500']
ACN,NYSE/NASDAQ,Accenture,['S&P 500']
ACUTAAS,NSE,Acutaas Chemicals Ltd.,['NIFTY500']
ADANIENSOL,NSE,Adani Energy Solutions Ltd.,['NIFTY500']
ADANIENT,NSE,Adani Enterprises Ltd.,"['NIFTY50', 'NIFTY500']"
ADANIGREEN,NSE,Adani Green Energy Ltd.,['NIFTY500']
ADANIPORTS,NSE,Adani Ports and Special Economic Zone Ltd.,"['NIFTY50', 'NIFTY500']"
ADANIPOWER,NSE,Adani Power Ltd.,['NIFTY500']
ADBE,NYSE/NASDAQ,Adobe Inc.,['S&P 500']
ADI,NYSE/NASDAQ,Analog Devices,['S&P 500']
ADM,NYSE/NASDAQ,Archer Daniels Midland,['S&P 500']
ADP,NYSE/NASDAQ,Automatic Data Processing,['S&P 500']
ADSK,NYSE/NASDAQ,Autodesk,['S&P 500']
AEE,NYSE/NASDAQ,Ameren,['S&P 500']
AEGISLOG,NSE,Aegis Logistics Ltd.,['NIFTY500']
AEGISVOPAK,NSE,Aegis Vopak Terminals Ltd.,['NIFTY500']
AEP,NYSE/NASDAQ,American Electric Power,['S&P 500']
AES,NYSE/NASDAQ,AES Corporation,['S&P 500']
AFCONS,NSE,Afcons Infrastructure Ltd.,['NIFTY500']
AFFLE,NSE,Affle 3i Ltd.,['NIFTY500']
AFL,NYSE/NASDAQ,Aflac,['S&P 500']
AIAENG,NSE,AIA Engineering Ltd.,['NIFTY500']
AIG,NYSE/NASDAQ,American International Group,['S&P 500']
AIIL,NSE,Authum Investment & Infrastructure Ltd.,['NIFTY500']
AIZ,NYSE/NASDAQ,Assurant,['S&P 500']
AJANTPHARM,NSE,Ajanta Pharmaceuticals Ltd.,['NIFTY500']
AJG,NYSE/NASDAQ,Arthur J. Gallagher & Co.,['S&P 500']
AKAM,NYSE/NASDAQ,Akamai Technologies,['S&P 500']
AKZOINDIA,NSE,Akzo Nobel India Ltd.,['NIFTY500']
ALB,NYSE/NASDAQ,Albemarle Corporation,['S&P 500']
ALGN,NYSE/NASDAQ,Align Technology,['S&P 500']
ALKEM,NSE,Alkem Laboratories Ltd.,"['NIFTY500', 'NIFTY_HEALTH_CARE']"
ALL,NYSE/NASDAQ,Allstate,['S&P 500']
ALLE,NYSE/NASDAQ,Allegion,['S&P 500']
AMAT,NYSE/NASDAQ,Applied Materials,['S&P 500']
AMBER,NSE,Amber Enterprises India Ltd.,['NIFTY500']
AMBUJACEM,NSE,Ambuja Cements Ltd.,['NIFTY500']
AMCR,NYSE/NASDAQ,Amcor,['S&P 500']
AMD,NYSE/NASDAQ,Advanced Micro Devices,['S&P 500']
AME,NYSE/NASDAQ,Ametek,['S&P 500']
AMGN,NYSE/NASDAQ,Amgen,"['DOW JONES', 'S&P 500']"
AMP,NYSE/NASDAQ,Ameriprise Financial,['S&P 500']
AMT,NYSE/NASDAQ,American Tower,['S&P 500']
AMZN,NYSE/NASDAQ,Amazon,"['DOW JONES', 'S&P 500']"
ANANDRATHI,NSE,Anand Rathi Wealth Ltd.,['NIFTY500']
ANANTRAJ,NSE,Anant Raj Ltd.,['NIFTY500']
ANET,NYSE/NASDAQ,Arista Networks,['S&P 500']
ANGELONE,NSE,Angel One Ltd.,['NIFTY500']
ANTHEM,NSE,Anthem Biosciences Ltd.,['NIFTY500']
ANURAS,NSE,Anupam Rasayan India Ltd.,['NIFTY500']
AON,NYSE/NASDAQ,Aon plc,['S&P 500']
AOS,NYSE/NASDAQ,A. O. Smith,['S&P 500']
APA,NYSE/NASDAQ,APA Corporation,['S&P 500']
APARINDS,NSE,Apar Industries Ltd.,['NIFTY500']
APD,NYSE/NASDAQ,Air Products,['S&P 500']
APH,NYSE/NASDAQ,Amphenol,['S&P 500']
APLAPOLLO,NSE,APL Apollo Tubes Ltd.,['NIFTY500']
APO,NYSE/NASDAQ,Apollo Global Management,['S&P 500']
APOLLOHOSP,NSE,Apollo Hospitals Enterprise Ltd.,"['NIFTY50', 'NIFTY500', 'NIFTY_HEALTH_CARE']"
APOLLOTYRE,NSE,Apollo Tyres Ltd.,['NIFTY500']
APP,NYSE/NASDAQ,AppLovin,['S&P 500']
APTUS,NSE,Aptus Value Housing Finance India Ltd.,['NIFTY500']
APTV,NYSE/NASDAQ,Aptiv,['S&P 500']
ARE,NYSE/NASDAQ,Alexandria Real Estate Equities,['S&P 500']
ARE&M,NSE,Amara Raja Energy & Mobility Ltd.,['NIFTY500']
ARES,NYSE/NASDAQ,Ares Management,['S&P 500']
ASAHIINDIA,NSE,Asahi India Glass Ltd.,['NIFTY500']
ASHOKLEY,NSE,Ashok Leyland Ltd.,"['NIFTY500', 'NIFTY_AUTO']"
ASIANPAINT,NSE,Asian Paints Ltd.,"['NIFTY50', 'NIFTY500']"
ASTERDM,NSE,Aster DM Healthcare Ltd.,['NIFTY500']
ASTRAL,NSE,Astral Ltd.,['NIFTY500']
ATGL,NSE,Adani Total Gas Ltd.,['NIFTY500']
ATHERENERG,NSE,Ather Energy Ltd.,['NIFTY500']
ATO,NYSE/NASDAQ,Atmos Energy,['S&P 500']
ATUL,NSE,Atul Ltd.,"['NIFTY500', 'NIFTY_CHEMICALS']"
AUBANK,NSE,AU Small Finance Bank Ltd.,"['NIFTY500', 'NIFTY_BANK']"
AUROPHARMA,NSE,Aurobindo Pharma Ltd.,"['NIFTY500', 'NIFTY_HEALTH_CARE']"
AVB,NYSE/NASDAQ,AvalonBay Communities,['S&P 500']
AVGO,NYSE/NASDAQ,Broadcom,['S&P 500']
AVY,NYSE/NASDAQ,Avery Dennison,['S&P 500']
AWK,NYSE/NASDAQ,American Water Works,['S&P 500']
AWL,NSE,AWL Agri Business Ltd.,['NIFTY500']
AXISBANK,NSE,Axis Bank Ltd.,"['NIFTY50', 'NIFTY500', 'NIFTY_BANK', 'NIFTY_FINANCIAL_SERVICES']"
AXON,NYSE/NASDAQ,Axon Enterprise,['S&P 500']
AXP,NYSE/NASDAQ,American Express,"['DOW JONES', 'S&P 500']"
AZO,NYSE/NASDAQ,AutoZone,['S&P 500']
BA,NYSE/NASDAQ,Boeing,"['DOW JONES', 'S&P 500']"
BAC,NYSE/NASDAQ,Bank of America,['S&P 500']
BAJAJ-AUTO,NSE,Bajaj Auto Ltd.,"['NIFTY50', 'NIFTY500', 'NIFTY_AUTO']"
BAJAJFINSV,NSE,Bajaj Finserv Ltd.,"['NIFTY50', 'NIFTY500', 'NIFTY_FINANCIAL_SERVICES']"
BAJAJHFL,NSE,Bajaj Housing Finance Ltd.,['NIFTY500']
BAJAJHLDNG,NSE,Bajaj Holdings & Investment Ltd.,['NIFTY500']
BAJFINANCE,NSE,Bajaj Finance Ltd.,"['NIFTY50', 'NIFTY500', 'NIFTY_FINANCIAL_SERVICES']"
BALKRISIND,NSE,Balkrishna Industries Ltd.,['NIFTY500']
BALL,NYSE/NASDAQ,Ball Corporation,['S&P 500']
BALRAMCHIN,NSE,Balrampur Chini Mills Ltd.,['NIFTY500']
BANDHANBNK,NSE,Bandhan Bank Ltd.,['NIFTY500']
BANKBARODA,NSE,Bank of Baroda,"['NIFTY500', 'NIFTY_BANK']"
BANKINDIA,NSE,Bank of India,['NIFTY500']
BATAINDIA,NSE,Bata India Ltd.,['NIFTY500']
BAX,NYSE/NASDAQ,Baxter International,['S&P 500']
BAYERCROP,NSE,Bayer Cropscience Ltd.,"['NIFTY500', 'NIFTY_CHEMICALS']"
BBTC,NSE,Bombay Burmah Trading Corporation Ltd.,['NIFTY500']
BBY,NYSE/NASDAQ,Best Buy,['S&P 500']
BDL,NSE,Bharat Dynamics Ltd.,['NIFTY500']
BDX,NYSE/NASDAQ,Becton Dickinson,['S&P 500']
BEL,NSE,Bharat Electronics Ltd.,"['NIFTY50', 'NIFTY500']"
BELRISE,NSE,Belrise Industries Ltd.,['NIFTY500']
BEML,NSE,BEML Ltd.,['NIFTY500']
BEN,NYSE/NASDAQ,Franklin Resources,['S&P 500']
BERGEPAINT,NSE,Berger Paints India Ltd.,['NIFTY500']
BF.B,NYSE/NASDAQ,Brown–Forman,['S&P 500']
BG,NYSE/NASDAQ,Bunge Global,['S&P 500']
BHARATFORG,NSE,Bharat Forge Ltd.,"['NIFTY500', 'NIFTY_AUTO']"
BHARTIARTL,NSE,Bharti Airtel Ltd.,"['NIFTY50', 'NIFTY500']"
BHARTIHEXA,NSE,Bharti Hexacom Ltd.,['NIFTY500']
BHEL,NSE,Bharat Heavy Electricals Ltd.,['NIFTY500']
BIIB,NYSE/NASDAQ,Biogen,['S&P 500']
BIKAJI,NSE,Bikaji Foods International Ltd.,['NIFTY500']
BIOCON,NSE,Biocon Ltd.,"['NIFTY500', 'NIFTY_HEALTH_CARE']"
BK,NYSE/NASDAQ,BNY Mellon,['S&P 500']
BKNG,NYSE/NASDAQ,Booking Holdings,['S&P 500']
BKR,NYSE/NASDAQ,Baker Hughes,['S&P 500']
BLDR,NYSE/NASDAQ,Builders FirstSource,['S&P 500']
BLK,NYSE/NASDAQ,BlackRock,['S&P 500']
BLS,NSE,BLS International Services Ltd.,['NIFTY500']
BLUEDART,NSE,Blue Dart Express Ltd.,['NIFTY500']
BLUEJET,NSE,Blue Jet Healthcare Ltd.,['NIFTY500']
BLUESTARCO,NSE,Blue Star Ltd.,['NIFTY500']
BMY,NYSE/NASDAQ,Bristol Myers Squibb,['S&P 500']
BOSCHLTD,NSE,Bosch Ltd.,"['NIFTY500', 'NIFTY_AUTO']"
BPCL,NSE,Bharat Petroleum Corporation Ltd.,['NIFTY500']
BR,NYSE/NASDAQ,Broadridge Financial Solutions,['S&P 500']
BRIGADE,NSE,Brigade Enterprises Ltd.,['NIFTY500']
BRITANNIA,NSE,Britannia Industries Ltd.,"['NIFTY500', 'NIFTY_FMCG']"
BRK.B,NYSE/NASDAQ,Berkshire Hathaway,['S&P 500']
BRO,NYSE/NASDAQ,Brown & Brown,['S&P 500']
BSE,NSE,BSE Ltd.,"['NIFTY500', 'NIFTY_FINANCIAL_SERVICES']"
BSOFT,NSE,Birlasoft Ltd.,['NIFTY500']
BSX,NYSE/NASDAQ,Boston Scientific,['S&P 500']
BX,NYSE/NASDAQ,Blackstone Inc.,['S&P 500']
BXP,NYSE/NASDAQ,"BXP, Inc.",['S&P 500']
C,NYSE/NASDAQ,Citigroup,['S&P 500']
CAG,NYSE/NASDAQ,Conagra Brands,['S&P 500']
CAH,NYSE/NASDAQ,Cardinal Health,['S&P 500']
CAMS,NSE,Computer Age Management Services Ltd.,['NIFTY500']
CANBK,NSE,Canara Bank,"['NIFTY500', 'NIFTY_BANK']"
CANFINHOME,NSE,Can Fin Homes Ltd.,['NIFTY500']
CANHLIFE,NSE,Canara HSBC Life Insurance Company Ltd.,['NIFTY500']
CAPLIPOINT,NSE,Caplin Point Laboratories Ltd.,['NIFTY500']
CARBORUNIV,NSE,Carborundum Universal Ltd.,['NIFTY500']
CARR,NYSE/NASDAQ,Carrier Global,['S&P 500']
CARTRADE,NSE,Cartrade Tech Ltd.,['NIFTY500']
CASTROLIND,NSE,Castrol India Ltd.,['NIFTY500']
CAT,NYSE/NASDAQ,Caterpillar Inc.,"['DOW JONES', 'S&P 500']"
CB,NYSE/NASDAQ,Chubb Limited,['S&P 500']
CBOE,NYSE/NASDAQ,Cboe Global Markets,['S&P 500']
CBRE,NYSE/NASDAQ,CBRE Group,['S&P 500']
CCI,NYSE/NASDAQ,Crown Castle,['S&P 500']
CCL,NSE,CCL Products (I) Ltd.,['NIFTY500']
CCL,NYSE/NASDAQ,Carnival,['S&P 500']
CDNS,NYSE/NASDAQ,Cadence Design Systems,['S&P 500']
CDSL,NSE,Central Depository Services (India) Ltd.,['NIFTY500']
CDW,NYSE/NASDAQ,CDW Corporation,['S&P 500']
CEATLTD,NSE,Ceat Ltd.,['NIFTY500']
CEG,NYSE/NASDAQ,Constellation Energy,['S&P 500']
CEMPRO,NSE,Cemindia Projects Ltd.,['NIFTY500']
CENTRALBK,NSE,Central Bank of India,['NIFTY500']
CESC,NSE,CESC Ltd.,['NIFTY500']
CF,NYSE/NASDAQ,CF Industries,['S&P 500']
CFG,NYSE/NASDAQ,Citizens Financial Group,['S&P 500']
CGCL,NSE,Capri Global Capital Ltd.,['NIFTY500']
CGPOWER,NSE,CG Power and Industrial Solutions Ltd.,['NIFTY500']
CHALET,NSE,Chalet Hotels Ltd.,['NIFTY500']
CHAMBLFERT,NSE,Chambal Fertilizers & Chemicals Ltd.,"['NIFTY500', 'NIFTY_CHEMICALS']"
CHD,NYSE/NASDAQ,Church & Dwight,['S&P 500']
CHENNPETRO,NSE,Chennai Petroleum Corporation Ltd.,['NIFTY500']
CHOICEIN,NSE,Choice International Ltd.,['NIFTY500']
CHOLAFIN,NSE,Cholamandalam Investment and Finance Company Ltd.,"['NIFTY500', 'NIFTY_FINANCIAL_SERVICES']"
CHOLAHLDNG,NSE,Cholamandalam Financial Holdings Ltd.,['NIFTY500']
CHRW,NYSE/NASDAQ,C.H. Robinson,['S&P 500']
CHTR,NYSE/NASDAQ,Charter Communications,['S&P 500']
CI,NYSE/NASDAQ,Cigna,['S&P 500']
CIEN,NYSE/NASDAQ,Ciena,['S&P 500']
CINF,NYSE/NASDAQ,Cincinnati Financial,['S&P 500']
CIPLA,NSE,Cipla Ltd.,"['NIFTY50', 'NIFTY500', 'NIFTY_HEALTH_CARE']"
CL,NYSE/NASDAQ,Colgate-Palmolive,['S&P 500']
CLEAN,NSE,Clean Science and Technology Ltd.,['NIFTY500']
CLX,NYSE/NASDAQ,Clorox,['S&P 500']
CMCSA,NYSE/NASDAQ,Comcast,['S&P 500']
CME,NYSE/NASDAQ,CME Group,['S&P 500']
CMG,NYSE/NASDAQ,Chipotle Mexican Grill,['S&P 500']
CMI,NYSE/NASDAQ,Cummins,['S&P 500']
CMS,NYSE/NASDAQ,CMS Energy,['S&P 500']
CNC,NYSE/NASDAQ,Centene Corporation,['S&P 500']
CNP,NYSE/NASDAQ,CenterPoint Energy,['S&P 500']
COALINDIA,NSE,Coal India Ltd.,"['NIFTY50', 'NIFTY500']"
COCHINSHIP,NSE,Cochin Shipyard Ltd.,['NIFTY500']
COF,NYSE/NASDAQ,Capital One,['S&P 500']
COFORGE,NSE,Coforge Ltd.,"['NIFTY500', 'NIFTY_IT']"
COHANCE,NSE,Cohance Lifesciences Ltd.,['NIFTY500']
COHR,NYSE/NASDAQ,Coherent Corp.,['S&P 500']
COIN,NYSE/NASDAQ,Coinbase,['S&P 500']
COLPAL,NSE,Colgate Palmolive (India) Ltd.,"['NIFTY500', 'NIFTY_FMCG']"
CONCOR,NSE,Container Corporation of India Ltd.,['NIFTY500']
CONCORDBIO,NSE,Concord Biotech Ltd.,['NIFTY500']
COO,NYSE/NASDAQ,The Cooper Companies,['S&P 500']
COP,NYSE/NASDAQ,ConocoPhillips,['S&P 500']
COR,NYSE/NASDAQ,Cencora,['S&P 500']
COROMANDEL,NSE,Coromandel International Ltd.,"['NIFTY500', 'NIFTY_CHEMICALS']"
COST,NYSE/NASDAQ,Costco,['S&P 500']
CPAY,NYSE/NASDAQ,Corpay,['S&P 500']
CPB,NYSE/NASDAQ,The Campbell's Company,['S&P 500']
CPPLUS,NSE,Aditya Infotech Ltd.,['NIFTY500']
CPRT,NYSE/NASDAQ,Copart,['S&P 500']
CPT,NYSE/NASDAQ,Camden Property Trust,['S&P 500']
CRAFTSMAN,NSE,Craftsman Automation Ltd.,['NIFTY500']
CREDITACC,NSE,CreditAccess Grameen Ltd.,['NIFTY500']
CRH,NYSE/NASDAQ,CRH plc,['S&P 500']
CRISIL,NSE,CRISIL Ltd.,['NIFTY500']
CRL,NYSE/NASDAQ,Charles River Laboratories,['S&P 500']
CRM,NYSE/NASDAQ,Salesforce,"['DOW JONES', 'S&P 500']"
CROMPTON,NSE,Crompton Greaves Consumer Electricals Ltd.,['NIFTY500']
CRWD,NYSE/NASDAQ,CrowdStrike,['S&P 500']
CSCO,NYSE/NASDAQ,Cisco,"['DOW JONES', 'S&P 500']"
CSGP,NYSE/NASDAQ,CoStar Group,['S&P 500']
CSX,NYSE/NASDAQ,CSX Corporation,['S&P 500']
CTAS,NYSE/NASDAQ,Cintas,['S&P 500']
CTRA,NYSE/NASDAQ,Coterra,['S&P 500']
CTSH,NYSE/NASDAQ,Cognizant,['S&P 500']
CTVA,NYSE/NASDAQ,Corteva,['S&P 500']
CUB,NSE,City Union Bank Ltd.,['NIFTY500']
CUMMINSIND,NSE,Cummins India Ltd.,['NIFTY500']
CVNA,NYSE/NASDAQ,Carvana,['S&P 500']
CVS,NYSE/NASDAQ,CVS Health,['S&P 500']
CVX,NYSE/NASDAQ,Chevron Corporation,"['DOW JONES', 'S&P 500']"
CYIENT,NSE,Cyient Ltd.,['NIFTY500']
D,NYSE/NASDAQ,Dominion Energy,['S&P 500']
DABUR,NSE,Dabur India Ltd.,"['NIFTY500', 'NIFTY_FMCG']"
DAL,NYSE/NASDAQ,Delta Air Lines,['S&P 500']
DALBHARAT,NSE,Dalmia Bharat Ltd.,['NIFTY500']
DASH,NYSE/NASDAQ,DoorDash,['S&P 500']
DATAPATTNS,NSE,Data Patterns (India) Ltd.,['NIFTY500']
DCMSHRIRAM,NSE,DCM Shriram Ltd.,['NIFTY500']
DD,NYSE/NASDAQ,DuPont,['S&P 500']
DDOG,NYSE/NASDAQ,Datadog,['S&P 500']
DE,NYSE/NASDAQ,Deere & Company,['S&P 500']
DECK,NYSE/NASDAQ,Deckers Brands,['S&P 500']
DEEPAKFERT,NSE,Deepak Fertilisers & Petrochemicals Corp. Ltd.,['NIFTY500']
DEEPAKNTR,NSE,Deepak Nitrite Ltd.,"['NIFTY500', 'NIFTY_CHEMICALS']"
DELHIVERY,NSE,Delhivery Ltd.,['NIFTY500']
DELL,NYSE/NASDAQ,Dell Technologies,['S&P 500']
DEVYANI,NSE,Devyani International Ltd.,['NIFTY500']
DG,NYSE/NASDAQ,Dollar General,['S&P 500']
DGX,NYSE/NASDAQ,Quest Diagnostics,['S&P 500']
DHI,NYSE/NASDAQ,D. R. Horton,['S&P 500']
DHR,NYSE/NASDAQ,Danaher Corporation,['S&P 500']
DIS,NYSE/NASDAQ,The Walt Disney Company,"['DOW JONES', 'S&P 500']"
DIVISLAB,NSE,Divi's Laboratories Ltd.,"['NIFTY500', 'NIFTY_HEALTH_CARE']"
DIXON,NSE,Dixon Technologies (India) Ltd.,['NIFTY500']
DLF,NSE,DLF Ltd.,['NIFTY500']
DLR,NYSE/NASDAQ,Digital Realty,['S&P 500']
DLTR,NYSE/NASDAQ,Dollar Tree,['S&P 500']
DMART,NSE,Avenue Supermarts Ltd.,['NIFTY500']
DOC,NYSE/NASDAQ,Healthpeak Properties,['S&P 500']
DOMS,NSE,DOMS Industries Ltd.,['NIFTY500']
DOV,NYSE/NASDAQ,Dover Corporation,['S&P 500']
DOW,NYSE/NASDAQ,Dow Inc.,['S&P 500']
DPZ,NYSE/NASDAQ,Domino's,['S&P 500']
DRI,NYSE/NASDAQ,Darden Restaurants,['S&P 500']
DRREDDY,NSE,Dr. Reddy's Laboratories Ltd.,"['NIFTY50', 'NIFTY500', 'NIFTY_HEALTH_CARE']"
DTE,NYSE/NASDAQ,DTE Energy,['S&P 500']
DUK,NYSE/NASDAQ,Duke Energy,['S&P 500']
DVA,NYSE/NASDAQ,DaVita,['S&P 500']
DVN,NYSE/NASDAQ,Devon Energy,['S&P 500']
DXCM,NYSE/NASDAQ,Dexcom,['S&P 500']
EA,NYSE/NASDAQ,Electronic Arts,['S&P 500']
EBAY,NYSE/NASDAQ,eBay Inc.,['S&P 500']
ECL,NYSE/NASDAQ,Ecolab,['S&P 500']
ECLERX,NSE,eClerx Services Ltd.,['NIFTY500']
ED,NYSE/NASDAQ,Consolidated Edison,['S&P 500']
EFX,NYSE/NASDAQ,Equifax,['S&P 500']
EG,NYSE/NASDAQ,Everest Group,['S&P 500']
EICHERMOT,NSE,Eicher Motors Ltd.,"['NIFTY50', 'NIFTY500', 'NIFTY_AUTO']"
EIDPARRY,NSE,E.I.D. Parry (India) Ltd.,"['NIFTY500', 'NIFTY_CHEMICALS']"
EIHOTEL,NSE,EIH Ltd.,['NIFTY500']
EIX,NYSE/NASDAQ,Edison International,['S&P 500']
EL,NYSE/NASDAQ,The Estée Lauder Companies,['S&P 500']
ELECON,NSE,Elecon Engineering Co. Ltd.,['NIFTY500']
ELGIEQUIP,NSE,Elgi Equipments Ltd.,['NIFTY500']
ELV,NYSE/NASDAQ,Elevance Health,['S&P 500']
EMAMILTD,NSE,Emami Ltd.,"['NIFTY500', 'NIFTY_FMCG']"
EMCURE,NSE,Emcure Pharmaceuticals Ltd.,['NIFTY500']
EME,NYSE/NASDAQ,Emcor,['S&P 500']
EMMVEE,NSE,Emmvee Photovoltaic Power Ltd.,['NIFTY500']
EMR,NYSE/NASDAQ,Emerson Electric,['S&P 500']
ENDURANCE,NSE,Endurance Technologies Ltd.,['NIFTY500']
ENGINERSIN,NSE,Engineers India Ltd.,['NIFTY500']
ENRIN,NSE,Siemens Energy India Ltd.,['NIFTY500']
EOG,NYSE/NASDAQ,EOG Resources,['S&P 500']
EPAM,NYSE/NASDAQ,EPAM Systems,['S&P 500']
EQIX,NYSE/NASDAQ,Equinix,['S&P 500']
EQR,NYSE/NASDAQ,Equity Residential,['S&P 500']
EQT,NYSE/NASDAQ,EQT Corporation,['S&P 500']
ERIE,NYSE/NASDAQ,Erie Indemnity,['S&P 500']
ERIS,NSE,Eris Lifesciences Ltd.,['NIFTY500']
ES,NYSE/NASDAQ,Eversource Energy,['S&P 500']
ESCORTS,NSE,Escorts Kubota Ltd.,['NIFTY500']
ESS,NYSE/NASDAQ,Essex Property Trust,['S&P 500']
ETERNAL,NSE,Eternal Ltd.,"['NIFTY50', 'NIFTY500']"
ETN,NYSE/NASDAQ,Eaton Corporation,['S&P 500']
ETR,NYSE/NASDAQ,Entergy,['S&P 500']
EVRG,NYSE/NASDAQ,Evergy,['S&P 500']
EW,NYSE/NASDAQ,Edwards Lifesciences,['S&P 500']
EXC,NYSE/NASDAQ,Exelon,['S&P 500']
EXE,NYSE/NASDAQ,Expand Energy,['S&P 500']
EXIDEIND,NSE,Exide Industries Ltd.,"['NIFTY500', 'NIFTY_AUTO']"
EXPD,NYSE/NASDAQ,Expeditors International,['S&P 500']
EXPE,NYSE/NASDAQ,Expedia Group,['S&P 500']
EXR,NYSE/NASDAQ,Extra Space Storage,['S&P 500']
F,NYSE/NASDAQ,Ford Motor Company,['S&P 500']
FACT,NSE,Fertilisers and Chemicals Travancore Ltd.,['NIFTY500']
FANG,NYSE/NASDAQ,Diamondback Energy,['S&P 500']
FAST,NYSE/NASDAQ,Fastenal,['S&P 500']
FCX,NYSE/NASDAQ,Freeport-McMoRan,['S&P 500']
FDS,NYSE/NASDAQ,FactSet,['S&P 500']
FDX,NYSE/NASDAQ,FedEx,['S&P 500']
FE,NYSE/NASDAQ,FirstEnergy,['S&P 500']
FEDERALBNK,NSE,Federal Bank Ltd.,"['NIFTY500', 'NIFTY_BANK']"
FFIV,NYSE/NASDAQ,"F5, Inc.",['S&P 500']
FICO,NYSE/NASDAQ,Fair Isaac,['S&P 500']
FINCABLES,NSE,Finolex Cables Ltd.,['NIFTY500']
FIRSTCRY,NSE,Brainbees Solutions Ltd.,['NIFTY500']
FIS,NYSE/NASDAQ,Fidelity National Information Services,['S&P 500']
FISV,NYSE/NASDAQ,Fiserv,['S&P 500']
FITB,NYSE/NASDAQ,Fifth Third Bancorp,['S&P 500']
FIVESTAR,NSE,Five-Star Business Finance Ltd.,['NIFTY500']
FIX,NYSE/NASDAQ,Comfort Systems USA,['S&P 500']
FLUOROCHEM,NSE,Gujarat Fluorochemicals Ltd.,"['NIFTY500', 'NIFTY_CHEMICALS']"
FORCEMOT,NSE,Force Motors Ltd.,['NIFTY500']
FORTIS,NSE,Fortis Healthcare Ltd.,"['NIFTY500', 'NIFTY_HEALTH_CARE']"
FOX,NYSE/NASDAQ,Fox Corporation (Class B),['S&P 500']
FOXA,NYSE/NASDAQ,Fox Corporation (Class A),['S&P 500']
FRT,NYSE/NASDAQ,Federal Realty Investment Trust,['S&P 500']
FSL,NSE,Firstsource Solutions Ltd.,['NIFTY500']
FSLR,NYSE/NASDAQ,First Solar,['S&P 500']
FTNT,NYSE/NASDAQ,Fortinet,['S&P 500']
FTV,NYSE/NASDAQ,Fortive,['S&P 500']
GABRIEL,NSE,Gabriel India Ltd.,['NIFTY500']
GAIL,NSE,GAIL (India) Ltd.,['NIFTY500']
GALLANTT,NSE,Gallantt Ispat Ltd.,['NIFTY500']
GD,NYSE/NASDAQ,General Dynamics,['S&P 500']
GDDY,NYSE/NASDAQ,GoDaddy,['S&P 500']
GE,NYSE/NASDAQ,GE Aerospace,['S&P 500']
GEHC,NYSE/NASDAQ,GE HealthCare,['S&P 500']
GEN,NYSE/NASDAQ,Gen Digital,['S&P 500']
GESHIP,NSE,Great Eastern Shipping Co. Ltd.,['NIFTY500']
GEV,NYSE/NASDAQ,GE Vernova,['S&P 500']
GICRE,NSE,General Insurance Corporation of India,['NIFTY500']
GILD,NYSE/NASDAQ,Gilead Sciences,['S&P 500']
GILLETTE,NSE,Gillette India Ltd.,['NIFTY500']
GIS,NYSE/NASDAQ,General Mills,['S&P 500']
GL,NYSE/NASDAQ,Globe Life,['S&P 500']
GLAND,NSE,Gland Pharma Ltd.,['NIFTY500']
GLAXO,NSE,Glaxosmithkline Pharmaceuticals Ltd.,['NIFTY500']
GLENMARK,NSE,Glenmark Pharmaceuticals Ltd.,"['NIFTY500', 'NIFTY_HEALTH_CARE']"
GLW,NYSE/NASDAQ,Corning Inc.,['S&P 500']
GM,NYSE/NASDAQ,General Motors,['S&P 500']
GMDCLTD,NSE,Gujarat Mineral Development Corporation Ltd.,['NIFTY500']
GMRAIRPORT,NSE,GMR Airports Ltd.,['NIFTY500']
GNFC,NSE,Gujarat Narmada Valley Fertilizers and Chemicals Ltd.,['NIFTY_CHEMICALS']
GNRC,NYSE/NASDAQ,Generac,['S&P 500']
GODFRYPHLP,NSE,Godfrey Phillips India Ltd.,['NIFTY500']
GODIGIT,NSE,Go Digit General Insurance Ltd.,['NIFTY500']
GODREJCP,NSE,Godrej Consumer Products Ltd.,"['NIFTY500', 'NIFTY_FMCG']"
GODREJIND,NSE,Godrej Industries Ltd.,['NIFTY500']
GODREJPROP,NSE,Godrej Properties Ltd.,['NIFTY500']
GOOG,NYSE/NASDAQ,Alphabet Inc. (Class C),['S&P 500']
GOOGL,NYSE/NASDAQ,Alphabet Inc. (Class A),['S&P 500']
GPC,NYSE/NASDAQ,Genuine Parts Company,['S&P 500']
GPIL,NSE,Godawari Power & Ispat Ltd.,['NIFTY500']
GPN,NYSE/NASDAQ,Global Payments,['S&P 500']
GRANULES,NSE,Granules India Ltd.,['NIFTY500']
GRAPHITE,NSE,Graphite India Ltd.,['NIFTY500']
GRASIM,NSE,Grasim Industries Ltd.,"['NIFTY50', 'NIFTY500']"
GRAVITA,NSE,Gravita India Ltd.,['NIFTY500']
GRMN,NYSE/NASDAQ,Garmin,['S&P 500']
GROWW,NSE,Billionbrains Garage Ventures Ltd.,['NIFTY500']
GRSE,NSE,Garden Reach Shipbuilders & Engineers Ltd.,['NIFTY500']
GS,NYSE/NASDAQ,Goldman Sachs,"['DOW JONES', 'S&P 500']"
GSPL,NSE,Gujarat State Petronet Ltd.,['NIFTY500']
GVT&D,NSE,GE Vernova T&D India Ltd.,['NIFTY500']
GWW,NYSE/NASDAQ,W. W. Grainger,['S&P 500']
HAL,NSE,Hindustan Aeronautics Ltd.,['NIFTY500']
HAL,NYSE/NASDAQ,Halliburton,['S&P 500']
HAS,NYSE/NASDAQ,Hasbro,['S&P 500']
HAVELLS,NSE,Havells India Ltd.,['NIFTY500']
HBAN,NYSE/NASDAQ,Huntington Bancshares,['S&P 500']
HBLENGINE,NSE,HBL Engineering Ltd.,['NIFTY500']
HCA,NYSE/NASDAQ,HCA Healthcare,['S&P 500']
HCLTECH,NSE,HCL Technologies Ltd.,"['NIFTY50', 'NIFTY500', 'NIFTY_IT']"
HD,NYSE/NASDAQ,Home Depot,"['DOW JONES', 'S&P 500']"
HDBFS,NSE,HDB Financial Services Ltd.,['NIFTY500']
HDFCAMC,NSE,HDFC Asset Management Company Ltd.,['NIFTY500']
HDFCBANK,NSE,HDFC Bank Ltd.,"['NIFTY50', 'NIFTY500', 'NIFTY_BANK', 'NIFTY_FINANCIAL_SERVICES']"
HDFCLIFE,NSE,HDFC Life Insurance Company Ltd.,"['NIFTY50', 'NIFTY500', 'NIFTY_FINANCIAL_SERVICES']"
HEG,NSE,H.E.G. Ltd.,['NIFTY500']
HEROMOTOCO,NSE,Hero MotoCorp Ltd.,"['NIFTY500', 'NIFTY_AUTO']"
HEXT,NSE,Hexaware Technologies Ltd.,['NIFTY500']
HFCL,NSE,HFCL Ltd.,['NIFTY500']
HIG,NYSE/NASDAQ,The Hartford,['S&P 500']
HII,NYSE/NASDAQ,Huntington Ingalls Industries,['S&P 500']
HINDALCO,NSE,Hindalco Industries Ltd.,"['NIFTY50', 'NIFTY500']"
HINDCOPPER,NSE,Hindustan Copper Ltd.,['NIFTY500']
HINDPETRO,NSE,Hindustan Petroleum Corporation Ltd.,['NIFTY500']
HINDUNILVR,NSE,Hindustan Unilever Ltd.,"['NIFTY50', 'NIFTY500', 'NIFTY_FMCG']"
HINDZINC,NSE,Hindustan Zinc Ltd.,['NIFTY500']
HLT,NYSE/NASDAQ,Hilton Worldwide,['S&P 500']
HOLX,NYSE/NASDAQ,Hologic,['S&P 500']
HOMEFIRST,NSE,Home First Finance Company India Ltd.,['NIFTY500']
HON,NYSE/NASDAQ,Honeywell,"['DOW JONES', 'S&P 500']"
HONASA,NSE,Honasa Consumer Ltd.,['NIFTY500']
HONAUT,NSE,Honeywell Automation India Ltd.,['NIFTY500']
HOOD,NYSE/NASDAQ,Robinhood Markets,['S&P 500']
HPE,NYSE/NASDAQ,Hewlett Packard Enterprise,['S&P 500']
HPQ,NYSE/NASDAQ,HP Inc.,['S&P 500']
HRL,NYSE/NASDAQ,Hormel Foods,['S&P 500']
HSCL,NSE,Himadri Speciality Chemical Ltd.,"['NIFTY500', 'NIFTY_CHEMICALS']"
HSIC,NYSE/NASDAQ,Henry Schein,['S&P 500']
HST,NYSE/NASDAQ,Host Hotels & Resorts,['S&P 500']
HSY,NYSE/NASDAQ,The Hershey Company,['S&P 500']
HUBB,NYSE/NASDAQ,Hubbell Incorporated,['S&P 500']
HUDCO,NSE,Housing & Urban Development Corporation Ltd.,['NIFTY500']
HUM,NYSE/NASDAQ,Humana,['S&P 500']
HWM,NYSE/NASDAQ,Howmet Aerospace,['S&P 500']
HYUNDAI,NSE,Hyundai Motor India Ltd.,['NIFTY500']
IBKR,NYSE/NASDAQ,Interactive Brokers,['S&P 500']
IBM,NYSE/NASDAQ,IBM,"['DOW JONES', 'S&P 500']"
ICE,NYSE/NASDAQ,Intercontinental Exchange,['S&P 500']
ICICIAMC,NSE,ICICI Prudential Asset Management Company Ltd.,['NIFTY500']
ICICIBANK,NSE,ICICI Bank Ltd.,"['NIFTY50', 'NIFTY500', 'NIFTY_BANK', 'NIFTY_FINANCIAL_SERVICES']"
ICICIGI,NSE,ICICI Lombard General Insurance Company Ltd.,"['NIFTY500', 'NIFTY_FINANCIAL_SERVICES']"
ICICIPRULI,NSE,ICICI Prudential Life Insurance Company Ltd.,['NIFTY500']
IDBI,NSE,IDBI Bank Ltd.,['NIFTY500']
IDEA,NSE,Vodafone Idea Ltd.,['NIFTY500']
IDFCFIRSTB,NSE,IDFC First Bank Ltd.,"['NIFTY500', 'NIFTY_BANK']"
IDXX,NYSE/NASDAQ,Idexx Laboratories,['S&P 500']
IEX,NSE,Indian Energy Exchange Ltd.,['NIFTY500']
IEX,NYSE/NASDAQ,IDEX Corporation,['S&P 500']
IFCI,NSE,IFCI Ltd.,['NIFTY500']
IFF,NYSE/NASDAQ,International Flavors & Fragrances,['S&P 500']
IGIL,NSE,International Gemmological Institute (India) Ltd.,['NIFTY500']
IGL,NSE,Indraprastha Gas Ltd.,['NIFTY500']
IIFL,NSE,IIFL Finance Ltd.,['NIFTY500']
IKS,NSE,Inventurus Knowledge Solutions Ltd.,['NIFTY500']
INCY,NYSE/NASDAQ,Incyte,['S&P 500']
INDGN,NSE,Indegene Ltd.,['NIFTY500']
INDHOTEL,NSE,Indian Hotels Co. Ltd.,['NIFTY500']
INDIACEM,NSE,India Cements Ltd.,['NIFTY500']
INDIAMART,NSE,Indiamart Intermesh Ltd.,['NIFTY500']
INDIANB,NSE,Indian Bank,['NIFTY500']
INDIGO,NSE,InterGlobe Aviation Ltd.,"['NIFTY50', 'NIFTY500']"
INDUSINDBK,NSE,IndusInd Bank Ltd.,"['NIFTY500', 'NIFTY_BANK']"
INDUSTOWER,NSE,Indus Towers Ltd.,['NIFTY500']
INFY,NSE,Infosys Ltd.,"['NIFTY50', 'NIFTY500', 'NIFTY_IT']"
INOXWIND,NSE,Inox Wind Ltd.,['NIFTY500']
INTC,NYSE/NASDAQ,Intel,['S&P 500']
INTELLECT,NSE,Intellect Design Arena Ltd.,['NIFTY500']
INTU,NYSE/NASDAQ,Intuit,['S&P 500']
INVH,NYSE/NASDAQ,Invitation Homes,['S&P 500']
IOB,NSE,Indian Overseas Bank,['NIFTY500']
IOC,NSE,Indian Oil Corporation Ltd.,['NIFTY500']
IP,NYSE/NASDAQ,International Paper,['S&P 500']
IPCALAB,NSE,Ipca Laboratories Ltd.,"['NIFTY500', 'NIFTY_HEALTH_CARE']"
IQV,NYSE/NASDAQ,IQVIA,['S&P 500']
IR,NYSE/NASDAQ,Ingersoll Rand,['S&P 500']
IRB,NSE,IRB Infrastructure Developers Ltd.,['NIFTY500']
IRCON,NSE,IRCON International Ltd.,['NIFTY500']
IRCTC,NSE,Indian Railway Catering And Tourism Corporation Ltd.,['NIFTY500']
IREDA,NSE,Indian Renewable Energy Development Agency Ltd.,['NIFTY500']
IRFC,NSE,Indian Railway Finance Corporation Ltd.,['NIFTY500']
IRM,NYSE/NASDAQ,Iron Mountain,['S&P 500']
ISRG,NYSE/NASDAQ,Intuitive Surgical,['S&P 500']
IT,NYSE/NASDAQ,Gartner,['S&P 500']
ITC,NSE,ITC Ltd.,"['NIFTY50', 'NIFTY500', 'NIFTY_FMCG']"
ITCHOTELS,NSE,ITC Hotels Ltd.,['NIFTY500']
ITI,NSE,ITI Ltd.,['NIFTY500']
ITW,NYSE/NASDAQ,Illinois Tool Works,['S&P 500']
IVZ,NYSE/NASDAQ,Invesco,['S&P 500']
J,NYSE/NASDAQ,Jacobs Solutions,['S&P 500']
J&KBANK,NSE,Jammu & Kashmir Bank Ltd.,['NIFTY500']
JAINREC,NSE,Jain Resource Recycling Ltd.,['NIFTY500']
JBCHEPHARM,NSE,J.B. Chemicals & Pharmaceuticals Ltd.,['NIFTY500']
JBHT,NYSE/NASDAQ,J.B. Hunt,['S&P 500']
JBL,NYSE/NASDAQ,Jabil,['S&P 500']
JBMA,NSE,JBM Auto Ltd.,['NIFTY500']
JCI,NYSE/NASDAQ,Johnson Controls,['S&P 500']
JINDALSAW,NSE,Jindal Saw Ltd.,['NIFTY500']
JINDALSTEL,NSE,Jindal Steel Ltd.,['NIFTY500']
JIOFIN,NSE,Jio Financial Services Ltd.,"['NIFTY50', 'NIFTY500', 'NIFTY_FINANCIAL_SERVICES']"
JKCEMENT,NSE,J.K. Cement Ltd.,['NIFTY500']
JKHY,NYSE/NASDAQ,Jack Henry & Associates,['S&P 500']
JKTYRE,NSE,JK Tyre & Industries Ltd.,['NIFTY500']
JMFINANCIL,NSE,JM Financial Ltd.,['NIFTY500']
JNJ,NYSE/NASDAQ,Johnson & Johnson,"['DOW JONES', 'S&P 500']"
JPM,NYSE/NASDAQ,JPMorgan Chase,"['DOW JONES', 'S&P 500']"
JPPOWER,NSE,Jaiprakash Power Ventures Ltd.,['NIFTY500']
JSL,NSE,Jindal Stainless Ltd.,['NIFTY500']
JSWCEMENT,NSE,JSW Cement Ltd.,['NIFTY500']
JSWENERGY,NSE,JSW Energy Ltd.,['NIFTY500']
JSWINFRA,NSE,JSW Infrastructure Ltd.,['NIFTY500']
JSWSTEEL,NSE,JSW Steel Ltd.,"['NIFTY50', 'NIFTY500']"
JUBLFOOD,NSE,Jubilant Foodworks Ltd.,['NIFTY500']
JUBLINGREA,NSE,Jubilant Ingrevia Ltd.,['NIFTY500']
JUBLPHARMA,NSE,Jubilant Pharmova Ltd.,['NIFTY500']
JWL,NSE,Jupiter Wagons Ltd.,['NIFTY500']
JYOTICNC,NSE,Jyoti CNC Automation Ltd.,['NIFTY500']
KAJARIACER,NSE,Kajaria Ceramics Ltd.,['NIFTY500']
KALYANKJIL,NSE,Kalyan Jewellers India Ltd.,['NIFTY500']
KARURVYSYA,NSE,Karur Vysya Bank Ltd.,['NIFTY500']
KAYNES,NSE,Kaynes Technology India Ltd.,['NIFTY500']
KDP,NYSE/NASDAQ,Keurig Dr Pepper,['S&P 500']
KEC,NSE,Kec International Ltd.,['NIFTY500']
KEI,NSE,KEI Industries Ltd.,['NIFTY500']
KEY,NYSE/NASDAQ,KeyCorp,['S&P 500']
KEYS,NYSE/NASDAQ,Keysight Technologies,['S&P 500']
KFINTECH,NSE,Kfin Technologies Ltd.,['NIFTY500']
KHC,NYSE/NASDAQ,Kraft Heinz,['S&P 500']
KIM,NYSE/NASDAQ,Kimco Realty,['S&P 500']
KIMS,NSE,Krishna Institute of Medical Sciences Ltd.,['NIFTY500']
KIRLOSENG,NSE,Kirloskar Oil Eng Ltd.,['NIFTY500']
KKR,NYSE/NASDAQ,KKR & Co.,['S&P 500']
KLAC,NYSE/NASDAQ,KLA Corporation,['S&P 500']
KMB,NYSE/NASDAQ,Kimberly-Clark,['S&P 500']
KMI,NYSE/NASDAQ,Kinder Morgan,['S&P 500']
KO,NYSE/NASDAQ,The Coca-Cola Company,"['DOW JONES', 'S&P 500']"
KOTAKBANK,NSE,Kotak Mahindra Bank Ltd.,"['NIFTY50', 'NIFTY500', 'NIFTY_BANK', 'NIFTY_FINANCIAL_SERVICES']"
KPIL,NSE,Kalpataru Projects International Ltd.,['NIFTY500']
KPITTECH,NSE,KPIT Technologies Ltd.,['NIFTY500']
KPRMILL,NSE,K.P.R. Mill Ltd.,['NIFTY500']
KR,NYSE/NASDAQ,Kroger,['S&P 500']
KVUE,NYSE/NASDAQ,Kenvue,['S&P 500']
L,NYSE/NASDAQ,Loews Corporation,['S&P 500']
LALPATHLAB,NSE,Dr. Lal Path Labs Ltd.,['NIFTY500']
LATENTVIEW,NSE,Latent View Analytics Ltd.,['NIFTY500']
LAURUSLABS,NSE,Laurus Labs Ltd.,"['NIFTY500', 'NIFTY_HEALTH_CARE']"
LDOS,NYSE/NASDAQ,Leidos,['S&P 500']
LEMONTREE,NSE,Lemon Tree Hotels Ltd.,['NIFTY500']
LEN,NYSE/NASDAQ,Lennar,['S&P 500']
LENSKART,NSE,Lenskart Solutions Ltd.,['NIFTY500']
LGEINDIA,NSE,LG Electronics India Ltd.,['NIFTY500']
LH,NYSE/NASDAQ,Labcorp,['S&P 500']
LHX,NYSE/NASDAQ,L3Harris,['S&P 500']
LICHSGFIN,NSE,LIC Housing Finance Ltd.,"['NIFTY500', 'NIFTY_FINANCIAL_SERVICES']"
LICI,NSE,Life Insurance Corporation of India,['NIFTY500']
LII,NYSE/NASDAQ,Lennox International,['S&P 500']
LIN,NYSE/NASDAQ,Linde plc,['S&P 500']
LINDEINDIA,NSE,Linde India Ltd.,"['NIFTY500', 'NIFTY_CHEMICALS']"
LITE,NYSE/NASDAQ,Lumentum,['S&P 500']
LLOYDSME,NSE,Lloyds Metals And Energy Ltd.,['NIFTY500']
LLY,NYSE/NASDAQ,Lilly (Eli),['S&P 500']
LMT,NYSE/NASDAQ,Lockheed Martin,['S&P 500']
LNT,NYSE/NASDAQ,Alliant Energy,['S&P 500']
LODHA,NSE,Lodha Developers Ltd.,['NIFTY500']
LOW,NYSE/NASDAQ,Lowe's,['S&P 500']
LRCX,NYSE/NASDAQ,Lam Research,['S&P 500']
LT,NSE,Larsen & Toubro Ltd.,"['NIFTY50', 'NIFTY500']"
LTF,NSE,L&T Finance Ltd.,['NIFTY500']
LTFOODS,NSE,LT Foods Ltd.,['NIFTY500']
LTM,NSE,LTIMindtree Ltd.,"['NIFTY500', 'NIFTY_IT']"
LTTS,NSE,L&T Technology Services Ltd.,['NIFTY500']
LULU,NYSE/NASDAQ,Lululemon Athletica,['S&P 500']
LUPIN,NSE,Lupin Ltd.,"['NIFTY500', 'NIFTY_HEALTH_CARE']"
LUV,NYSE/NASDAQ,Southwest Airlines,['S&P 500']
LVS,NYSE/NASDAQ,Las Vegas Sands,['S&P 500']
LYB,NYSE/NASDAQ,LyondellBasell,['S&P 500']
LYV,NYSE/NASDAQ,Live Nation Entertainment,['S&P 500']
M&M,NSE,Mahindra & Mahindra Ltd.,"['NIFTY50', 'NIFTY500', 'NIFTY_AUTO']"
M&MFIN,NSE,Mahindra & Mahindra Financial Services Ltd.,['NIFTY500']
MA,NYSE/NASDAQ,Mastercard,['S&P 500']
MAA,NYSE/NASDAQ,Mid-America Apartment Communities,['S&P 500']
MAHABANK,NSE,Bank of Maharashtra,['NIFTY500']
MANAPPURAM,NSE,Manappuram Finance Ltd.,['NIFTY500']
MANKIND,NSE,Mankind Pharma Ltd.,"['NIFTY500', 'NIFTY_HEALTH_CARE']"
MAPMYINDIA,NSE,C.E. Info Systems Ltd.,['NIFTY500']
MAR,NYSE/NASDAQ,Marriott International,['S&P 500']
MARICO,NSE,Marico Ltd.,"['NIFTY500', 'NIFTY_FMCG']"
MARUTI,NSE,Maruti Suzuki India Ltd.,"['NIFTY50', 'NIFTY500', 'NIFTY_AUTO']"
MAS,NYSE/NASDAQ,Masco,['S&P 500']
MAXHEALTH,NSE,Max Healthcare Institute Ltd.,"['NIFTY50', 'NIFTY500', 'NIFTY_HEALTH_CARE']"
MAZDOCK,NSE,Mazagoan Dock Shipbuilders Ltd.,['NIFTY500']
MCD,NYSE/NASDAQ,McDonald's,"['DOW JONES', 'S&P 500']"
MCHP,NYSE/NASDAQ,Microchip Technology,['S&P 500']
MCK,NYSE/NASDAQ,McKesson Corporation,['S&P 500']
MCO,NYSE/NASDAQ,Moody's Corporation,['S&P 500']
MCX,NSE,Multi Commodity Exchange of India Ltd.,['NIFTY500']
MDLZ,NYSE/NASDAQ,Mondelez International,['S&P 500']
MDT,NYSE/NASDAQ,Medtronic,['S&P 500']
MEDANTA,NSE,Global Health Ltd.,['NIFTY500']
MEESHO,NSE,Meesho Ltd.,['NIFTY500']
MET,NYSE/NASDAQ,MetLife,['S&P 500']
META,NYSE/NASDAQ,Meta Platforms,['S&P 500']
MFSL,NSE,Max Financial Services Ltd.,"['NIFTY500', 'NIFTY_FINANCIAL_SERVICES']"
MGL,NSE,Mahanagar Gas Ltd.,['NIFTY500']
MGM,NYSE/NASDAQ,MGM Resorts,['S&P 500']
MINDACORP,NSE,Minda Corporation Ltd.,['NIFTY500']
MKC,NYSE/NASDAQ,McCormick & Company,['S&P 500']
MLM,NYSE/NASDAQ,Martin Marietta Materials,['S&P 500']
MMM,NYSE/NASDAQ,3M,"['DOW JONES', 'S&P 500']"
MMTC,NSE,MMTC Ltd.,['NIFTY500']
MNST,NYSE/NASDAQ,Monster Beverage,['S&P 500']
MO,NYSE/NASDAQ,Altria,['S&P 500']
MOS,NYSE/NASDAQ,The Mosaic Company,['S&P 500']
MOTHERSON,NSE,Samvardhana Motherson International Ltd.,"['NIFTY500', 'NIFTY_AUTO']"
MOTILALOFS,NSE,Motilal Oswal Financial Services Ltd.,['NIFTY500']
MPC,NYSE/NASDAQ,Marathon Petroleum,['S&P 500']
MPHASIS,NSE,MphasiS Ltd.,"['NIFTY500', 'NIFTY_IT']"
MPWR,NYSE/NASDAQ,Monolithic Power Systems,['S&P 500']
MRF,NSE,MRF Ltd.,['NIFTY500']
MRK,NYSE/NASDAQ,Merck & Co.,"['DOW JONES', 'S&P 500']"
MRNA,NYSE/NASDAQ,Moderna,['S&P 500']
MRPL,NSE,Mangalore Refinery & Petrochemicals Ltd.,['NIFTY500']
MRSH,NYSE/NASDAQ,Marsh McLennan,['S&P 500']
MS,NYSE/NASDAQ,Morgan Stanley,['S&P 500']
MSCI,NYSE/NASDAQ,MSCI Inc.,['S&P 500']
MSFT,NYSE/NASDAQ,Microsoft,"['DOW JONES', 'S&P 500']"
MSI,NYSE/NASDAQ,Motorola Solutions,['S&P 500']
MSUMI,NSE,Motherson Sumi Wiring India Ltd.,['NIFTY500']
MTB,NYSE/NASDAQ,M&T Bank,['S&P 500']
MTD,NYSE/NASDAQ,Mettler Toledo,['S&P 500']
MU,NYSE/NASDAQ,Micron Technology,['S&P 500']
MUTHOOTFIN,NSE,Muthoot Finance Ltd.,"['NIFTY500', 'NIFTY_FINANCIAL_SERVICES']"
NAM-INDIA,NSE,Nippon Life India Asset Management Ltd.,['NIFTY500']
NATCOPHARM,NSE,NATCO Pharma Ltd.,['NIFTY500']
NATIONALUM,NSE,National Aluminium Co. Ltd.,['NIFTY500']
NAUKRI,NSE,Info Edge (India) Ltd.,['NIFTY500']
NAVA,NSE,Nava Ltd.,['NIFTY500']
NAVINFLUOR,NSE,Navin Fluorine International Ltd.,"['NIFTY500', 'NIFTY_CHEMICALS']"
NBCC,NSE,NBCC (India) Ltd.,['NIFTY500']
NCC,NSE,NCC Ltd.,['NIFTY500']
NCLH,NYSE/NASDAQ,Norwegian Cruise Line Holdings,['S&P 500']
NDAQ,NYSE/NASDAQ,"Nasdaq, Inc.",['S&P 500']
NDSN,NYSE/NASDAQ,Nordson Corporation,['S&P 500']
NEE,NYSE/NASDAQ,NextEra Energy,['S&P 500']
NEM,NYSE/NASDAQ,Newmont,['S&P 500']
NESTLEIND,NSE,Nestle India Ltd.,"['NIFTY50', 'NIFTY500', 'NIFTY_FMCG']"
NETWEB,NSE,Netweb Technologies India Ltd.,['NIFTY500']
NEULANDLAB,NSE,Neuland Laboratories Ltd.,['NIFTY500']
NEWGEN,NSE,Newgen Software Technologies Ltd.,['NIFTY500']
NFLX,NYSE/NASDAQ,Netflix,['S&P 500']
NH,NSE,Narayana Hrudayalaya Ltd.,['NIFTY500']
NHPC,NSE,NHPC Ltd.,['NIFTY500']
NI,NYSE/NASDAQ,NiSource,['S&P 500']
NIACL,NSE,The New India Assurance Company Ltd.,['NIFTY500']
NIVABUPA,NSE,Niva Bupa Health Insurance Company Ltd.,['NIFTY500']
NKE,NYSE/NASDAQ,"Nike, Inc.","['DOW JONES', 'S&P 500']"
NLCINDIA,NSE,NLC India Ltd.,['NIFTY500']
NMDC,NSE,NMDC Ltd.,['NIFTY500']
NOC,NYSE/NASDAQ,Northrop Grumman,['S&P 500']
NOW,NYSE/NASDAQ,ServiceNow,['S&P 500']
NRG,NYSE/NASDAQ,NRG Energy,['S&P 500']
NSC,NYSE/NASDAQ,Norfolk Southern,['S&P 500']
NSLNISP,NSE,NMDC Steel Ltd.,['NIFTY500']
NTAP,NYSE/NASDAQ,NetApp,['S&P 500']
NTPC,NSE,NTPC Ltd.,"['NIFTY50', 'NIFTY500']"
NTPCGREEN,NSE,NTPC Green Energy Ltd.,['NIFTY500']
NTRS,NYSE/NASDAQ,Northern Trust,['S&P 500']
NUE,NYSE/NASDAQ,Nucor,['S&P 500']
NUVAMA,NSE,Nuvama Wealth Management Ltd.,['NIFTY500']
NUVOCO,NSE,Nuvoco Vistas Corporation Ltd.,['NIFTY500']
NVDA,NYSE/NASDAQ,Nvidia,"['DOW JONES', 'S&P 500']"
NVR,NYSE/NASDAQ,"NVR, Inc.",['S&P 500']
NWS,NYSE/NASDAQ,News Corp (Class B),['S&P 500']
NWSA,NYSE/NASDAQ,News Corp (Class A),['S&P 500']
NXPI,NYSE/NASDAQ,NXP Semiconductors,['S&P 500']
NYKAA,NSE,FSN E-Commerce Ventures Ltd.,['NIFTY500']
O,NYSE/NASDAQ,Realty Income,['S&P 500']
OBEROIRLTY,NSE,Oberoi Realty Ltd.,['NIFTY500']
ODFL,NYSE/NASDAQ,Old Dominion,['S&P 500']
OFSS,NSE,Oracle Financial Services Software Ltd.,"['NIFTY500', 'NIFTY_IT']"
OIL,NSE,Oil India Ltd.,['NIFTY500']
OKE,NYSE/NASDAQ,Oneok,['S&P 500']
OLAELEC,NSE,Ola Electric Mobility Ltd.,['NIFTY500']
OLECTRA,NSE,Olectra Greentech Ltd.,['NIFTY500']
OMC,NYSE/NASDAQ,Omnicom Group,['S&P 500']
ON,NYSE/NASDAQ,ON Semiconductor,['S&P 500']
ONESOURCE,NSE,Onesource Specialty Pharma Ltd.,['NIFTY500']
ONGC,NSE,Oil & Natural Gas Corporation Ltd.,"['NIFTY50', 'NIFTY500']"
ORCL,NYSE/NASDAQ,Oracle Corporation,['S&P 500']
ORLY,NYSE/NASDAQ,O’Reilly Automotive,['S&P 500']
OTIS,NYSE/NASDAQ,Otis Worldwide,['S&P 500']
OXY,NYSE/NASDAQ,Occidental Petroleum,['S&P 500']
PAGEIND,NSE,Page Industries Ltd.,['NIFTY500']
PANW,NYSE/NASDAQ,Palo Alto Networks,['S&P 500']
PARADEEP,NSE,Paradeep Phosphates Ltd.,['NIFTY500']
PATANJALI,NSE,Patanjali Foods Ltd.,"['NIFTY500', 'NIFTY_FMCG']"
PAYTM,NSE,One 97 Communications Ltd.,['NIFTY500']
PAYX,NYSE/NASDAQ,Paychex,['S&P 500']
PCAR,NYSE/NASDAQ,Paccar,['S&P 500']
PCBL,NSE,PCBL Chemical Ltd.,"['NIFTY500', 'NIFTY_CHEMICALS']"
PCG,NYSE/NASDAQ,PG&E Corporation,['S&P 500']
PEG,NYSE/NASDAQ,Public Service Enterprise Group,['S&P 500']
PEP,NYSE/NASDAQ,PepsiCo,['S&P 500']
PERSISTENT,NSE,Persistent Systems Ltd.,"['NIFTY500', 'NIFTY_IT']"
PETRONET,NSE,Petronet LNG Ltd.,['NIFTY500']
PFC,NSE,Power Finance Corporation Ltd.,"['NIFTY500', 'NIFTY_FINANCIAL_SERVICES']"
PFE,NYSE/NASDAQ,Pfizer,['S&P 500']
PFG,NYSE/NASDAQ,Principal Financial Group,['S&P 500']
PFIZER,NSE,Pfizer Ltd.,['NIFTY500']
PG,NYSE/NASDAQ,Procter & Gamble,"['DOW JONES', 'S&P 500']"
PGEL,NSE,PG Electroplast Ltd.,['NIFTY500']
PGR,NYSE/NASDAQ,Progressive Corporation,['S&P 500']
PH,NYSE/NASDAQ,Parker Hannifin,['S&P 500']
PHM,NYSE/NASDAQ,PulteGroup,['S&P 500']
PHOENIXLTD,NSE,Phoenix Mills Ltd.,['NIFTY500']
PIDILITIND,NSE,Pidilite Industries Ltd.,"['NIFTY500', 'NIFTY_CHEMICALS']"
PIIND,NSE,PI Industries Ltd.,"['NIFTY500', 'NIFTY_CHEMICALS']"
PINELABS,NSE,Pine Labs Ltd.,['NIFTY500']
PIRAMALFIN,NSE,Piramal Finance Ltd.,['NIFTY500']
PKG,NYSE/NASDAQ,Packaging Corporation of America,['S&P 500']
PLD,NYSE/NASDAQ,Prologis,['S&P 500']
PLTR,NYSE/NASDAQ,Palantir Technologies,['S&P 500']
PM,NYSE/NASDAQ,Philip Morris International,['S&P 500']
PNB,NSE,Punjab National Bank,"['NIFTY500', 'NIFTY_BANK']"
PNBHOUSING,NSE,PNB Housing Finance Ltd.,['NIFTY500']
PNC,NYSE/NASDAQ,PNC Financial Services,['S&P 500']
PNR,NYSE/NASDAQ,Pentair,['S&P 500']
PNW,NYSE/NASDAQ,Pinnacle West Capital,['S&P 500']
PODD,NYSE/NASDAQ,Insulet Corporation,['S&P 500']
POLICYBZR,NSE,PB Fintech Ltd.,['NIFTY500']
POLYCAB,NSE,Polycab India Ltd.,['NIFTY500']
POLYMED,NSE,Poly Medicure Ltd.,['NIFTY500']
POOL,NYSE/NASDAQ,Pool Corporation,['S&P 500']
POONAWALLA,NSE,Poonawalla Fincorp Ltd.,['NIFTY500']
POWERGRID,NSE,Power Grid Corporation of India Ltd.,"['NIFTY50', 'NIFTY500']"
POWERINDIA,NSE,Hitachi Energy India Ltd.,['NIFTY500']
PPG,NYSE/NASDAQ,PPG Industries,['S&P 500']
PPL,NYSE/NASDAQ,PPL Corporation,['S&P 500']
PPLPHARMA,NSE,Piramal Pharma Ltd.,"['NIFTY500', 'NIFTY_HEALTH_CARE']"
PREMIERENE,NSE,Premier Energies Ltd.,['NIFTY500']
PRESTIGE,NSE,Prestige Estates Projects Ltd.,['NIFTY500']
PRU,NYSE/NASDAQ,Prudential Financial,['S&P 500']
PSA,NYSE/NASDAQ,Public Storage,['S&P 500']
PSKY,NYSE/NASDAQ,Paramount Skydance Corporation,['S&P 500']
PSX,NYSE/NASDAQ,Phillips 66,['S&P 500']
PTC,NYSE/NASDAQ,PTC Inc.,['S&P 500']
PTCIL,NSE,PTC Industries Ltd.,['NIFTY500']
PVRINOX,NSE,PVR INOX Ltd.,['NIFTY500']
PWL,NSE,Physicswallah Ltd.,['NIFTY500']
PWR,NYSE/NASDAQ,Quanta Services,['S&P 500']
PYPL,NYSE/NASDAQ,PayPal,['S&P 500']
Q,NYSE/NASDAQ,Qnity Electronics,['S&P 500']
QCOM,NYSE/NASDAQ,Qualcomm,['S&P 500']
RADICO,NSE,Radico Khaitan Ltd,"['NIFTY500', 'NIFTY_FMCG']"
RAILTEL,NSE,Railtel Corporation Of India Ltd.,['NIFTY500']
RAINBOW,NSE,Rainbow Childrens Medicare Ltd.,['NIFTY500']
RAMCOCEM,NSE,The Ramco Cements Ltd.,['NIFTY500']
RBLBANK,NSE,RBL Bank Ltd.,['NIFTY500']
RCL,NYSE/NASDAQ,Royal Caribbean Group,['S&P 500']
RECLTD,NSE,REC Ltd.,"['NIFTY500', 'NIFTY_FINANCIAL_SERVICES']"
REDINGTON,NSE,Redington Ltd.,['NIFTY500']
REG,NYSE/NASDAQ,Regency Centers,['S&P 500']
REGN,NYSE/NASDAQ,Regeneron Pharmaceuticals,['S&P 500']
RELIANCE,NSE,Reliance Industries Ltd.,"['NIFTY50', 'NIFTY500']"
RF,NYSE/NASDAQ,Regions Financial Corporation,['S&P 500']
RHIM,NSE,RHI MAGNESITA INDIA LTD.,['NIFTY500']
RITES,NSE,RITES Ltd.,['NIFTY500']
RJF,NYSE/NASDAQ,Raymond James Financial,['S&P 500']
RKFORGE,NSE,Ramkrishna Forgings Ltd.,['NIFTY500']
RL,NYSE/NASDAQ,Ralph Lauren Corporation,['S&P 500']
RMD,NYSE/NASDAQ,ResMed,['S&P 500']
ROK,NYSE/NASDAQ,Rockwell Automation,['S&P 500']
ROL,NYSE/NASDAQ,"Rollins, Inc.",['S&P 500']
ROP,NYSE/NASDAQ,Roper Technologies,['S&P 500']
ROST,NYSE/NASDAQ,Ross Stores,['S&P 500']
RPOWER,NSE,Reliance Power Ltd.,['NIFTY500']
RRKABEL,NSE,R R Kabel Ltd.,['NIFTY500']
RSG,NYSE/NASDAQ,Republic Services,['S&P 500']
RTX,NYSE/NASDAQ,RTX Corporation,['S&P 500']
RVNL,NSE,Rail Vikas Nigam Ltd.,['NIFTY500']
RVTY,NYSE/NASDAQ,Revvity,['S&P 500']
SAGILITY,NSE,Sagility Ltd.,['NIFTY500']
SAIL,NSE,Steel Authority of India Ltd.,['NIFTY500']
SAILIFE,NSE,Sai Life Sciences Ltd.,['NIFTY500']
SAMMAANCAP,NSE,Sammaan Capital Ltd.,['NIFTY500']
SAPPHIRE,NSE,Sapphire Foods India Ltd.,['NIFTY500']
SARDAEN,NSE,Sarda Energy and Minerals Ltd.,['NIFTY500']
SAREGAMA,NSE,Saregama India Ltd,['NIFTY500']
SATS,NYSE/NASDAQ,EchoStar,['S&P 500']
SBAC,NYSE/NASDAQ,SBA Communications,['S&P 500']
SBFC,NSE,SBFC Finance Ltd.,['NIFTY500']
SBICARD,NSE,SBI Cards and Payment Services Ltd.,"['NIFTY500', 'NIFTY_FINANCIAL_SERVICES']"
SBILIFE,NSE,SBI Life Insurance Company Ltd.,"['NIFTY50', 'NIFTY500', 'NIFTY_FINANCIAL_SERVICES']"
SBIN,NSE,State Bank of India,"['NIFTY50', 'NIFTY500', 'NIFTY_BANK', 'NIFTY_FINANCIAL_SERVICES']"
SBUX,NYSE/NASDAQ,Starbucks,['S&P 500']
SCHAEFFLER,NSE,Schaeffler India Ltd.,['NIFTY500']
SCHNEIDER,NSE,Schneider Electric Infrastructure Ltd.,['NIFTY500']
SCHW,NYSE/NASDAQ,Charles Schwab Corporation,['S&P 500']
SCI,NSE,Shipping Corporation of India Ltd.,['NIFTY500']
SHREECEM,NSE,Shree Cement Ltd.,['NIFTY500']
SHRIRAMFIN,NSE,Shriram Finance Ltd.,"['NIFTY50', 'NIFTY500', 'NIFTY_FINANCIAL_SERVICES']"
SHW,NYSE/NASDAQ,Sherwin-Williams,"['DOW JONES', 'S&P 500']"
SHYAMMETL,NSE,Shyam Metalics and Energy Ltd.,['NIFTY500']
SIEMENS,NSE,Siemens Ltd.,['NIFTY500']
SIGNATURE,NSE,Signatureglobal (India) Ltd.,['NIFTY500']
SJM,NYSE/NASDAQ,The J.M. Smucker Company,['S&P 500']
SJVN,NSE,SJVN Ltd.,['NIFTY500']
SLB,NYSE/NASDAQ,Schlumberger,['S&P 500']
SMCI,NYSE/NASDAQ,Supermicro,['S&P 500']
SNA,NYSE/NASDAQ,Snap-on,['S&P 500']
SNDK,NYSE/NASDAQ,Sandisk,['S&P 500']
SNPS,NYSE/NASDAQ,Synopsys,['S&P 500']
SO,NYSE/NASDAQ,Southern Company,['S&P 500']
SOBHA,NSE,Sobha Ltd.,['NIFTY500']
SOLARINDS,NSE,Solar Industries India Ltd.,"['NIFTY500', 'NIFTY_CHEMICALS']"
SOLV,NYSE/NASDAQ,Solventum,['S&P 500']
SONACOMS,NSE,Sona BLW Precision Forgings Ltd.,"['NIFTY500', 'NIFTY_AUTO']"
SONATSOFTW,NSE,Sonata Software Ltd.,['NIFTY500']
SPG,NYSE/NASDAQ,Simon Property Group,['S&P 500']
SPGI,NYSE/NASDAQ,S&P Global,['S&P 500']
SPLPETRO,NSE,Supreme Petrochem Ltd.,['NIFTY500']
SRE,NYSE/NASDAQ,Sempra,['S&P 500']
SRF,NSE,SRF Ltd.,"['NIFTY500', 'NIFTY_CHEMICALS']"
STARHEALTH,NSE,Star Health and Allied Insurance Company Ltd.,['NIFTY500']
STE,NYSE/NASDAQ,Steris,['S&P 500']
STLD,NYSE/NASDAQ,Steel Dynamics,['S&P 500']
STT,NYSE/NASDAQ,State Street Corporation,['S&P 500']
STX,NYSE/NASDAQ,Seagate Technology,['S&P 500']
STZ,NYSE/NASDAQ,Constellation Brands,['S&P 500']
SUMICHEM,NSE,Sumitomo Chemical India Ltd.,"['NIFTY500', 'NIFTY_CHEMICALS']"
SUNDARMFIN,NSE,Sundaram Finance Ltd.,['NIFTY500']
SUNPHARMA,NSE,Sun Pharmaceutical Industries Ltd.,"['NIFTY50', 'NIFTY500', 'NIFTY_HEALTH_CARE']"
SUNTV,NSE,Sun TV Network Ltd.,['NIFTY500']
SUPREMEIND,NSE,Supreme Industries Ltd.,['NIFTY500']
SUZLON,NSE,Suzlon Energy Ltd.,['NIFTY500']
SW,NYSE/NASDAQ,Smurfit Westrock,['S&P 500']
SWANCORP,NSE,Swan Corp Ltd.,['NIFTY500']
SWIGGY,NSE,Swiggy Ltd.,['NIFTY500']
SWK,NYSE/NASDAQ,Stanley Black & Decker,['S&P 500']
SWKS,NYSE/NASDAQ,Skyworks Solutions,['S&P 500']
SYF,NYSE/NASDAQ,Synchrony Financial,['S&P 500']
SYK,NYSE/NASDAQ,Stryker Corporation,['S&P 500']
SYNGENE,NSE,Syngene International Ltd.,"['NIFTY500', 'NIFTY_HEALTH_CARE']"
SYRMA,NSE,Syrma SGS Technology Ltd.,['NIFTY500']
SYY,NYSE/NASDAQ,Sysco,['S&P 500']
T,NYSE/NASDAQ,AT&T,['S&P 500']
TAP,NYSE/NASDAQ,Molson Coors Beverage Company,['S&P 500']
TARIL,NSE,Transformers And Rectifiers (India) Ltd.,['NIFTY500']
TATACAP,NSE,Tata Capital Ltd.,['NIFTY500']
TATACHEM,NSE,Tata Chemicals Ltd.,"['NIFTY500', 'NIFTY_CHEMICALS']"
TATACOMM,NSE,Tata Communications Ltd.,['NIFTY500']
TATACONSUM,NSE,Tata Consumer Products Ltd.,"['NIFTY50', 'NIFTY500', 'NIFTY_FMCG']"
TATAELXSI,NSE,Tata Elxsi Ltd.,['NIFTY500']
TATAINVEST,NSE,Tata Investment Corporation Ltd.,['NIFTY500']
TATAPOWER,NSE,Tata Power Co. Ltd.,['NIFTY500']
TATASTEEL,NSE,Tata Steel Ltd.,"['NIFTY50', 'NIFTY500']"
TATATECH,NSE,Tata Technologies Ltd.,['NIFTY500']
TBOTEK,NSE,TBO Tek Ltd.,['NIFTY500']
TCS,NSE,Tata Consultancy Services Ltd.,"['NIFTY50', 'NIFTY500', 'NIFTY_IT']"
TDG,NYSE/NASDAQ,TransDigm Group,['S&P 500']
TDY,NYSE/NASDAQ,Teledyne Technologies,['S&P 500']
TECH,NYSE/NASDAQ,Bio-Techne,['S&P 500']
TECHM,NSE,Tech Mahindra Ltd.,"['NIFTY50', 'NIFTY500', 'NIFTY_IT']"
TECHNOE,NSE,Techno Electric & Engineering Company Ltd.,['NIFTY500']
TEGA,NSE,Tega Industries Ltd.,['NIFTY500']
TEJASNET,NSE,Tejas Networks Ltd.,['NIFTY500']
TEL,NYSE/NASDAQ,TE Connectivity,['S&P 500']
TENNIND,NSE,Tenneco Clean Air India Ltd.,['NIFTY500']
TER,NYSE/NASDAQ,Teradyne,['S&P 500']
TFC,NYSE/NASDAQ,Truist Financial,['S&P 500']
TGT,NYSE/NASDAQ,Target Corporation,['S&P 500']
THELEELA,NSE,Leela Palaces Hotels & Resorts Ltd.,['NIFTY500']
THERMAX,NSE,Thermax Ltd.,['NIFTY500']
TIINDIA,NSE,Tube Investments of India Ltd.,"['NIFTY500', 'NIFTY_AUTO']"
TIMKEN,NSE,Timken India Ltd.,['NIFTY500']
TITAGARH,NSE,Titagarh Rail Systems Ltd.,['NIFTY500']
TITAN,NSE,Titan Company Ltd.,"['NIFTY50', 'NIFTY500']"
TJX,NYSE/NASDAQ,TJX Companies,['S&P 500']
TKO,NYSE/NASDAQ,TKO Group Holdings,['S&P 500']
TMCV,NSE,Tata Motors Ltd.,['NIFTY500']
TMO,NYSE/NASDAQ,Thermo Fisher Scientific,['S&P 500']
TMPV,NSE,Tata Motors Passenger Vehicles Ltd.,"['NIFTY50', 'NIFTY500', 'NIFTY_AUTO']"
TMUS,NYSE/NASDAQ,T-Mobile US,['S&P 500']
TORNTPHARM,NSE,Torrent Pharmaceuticals Ltd.,"['NIFTY500', 'NIFTY_HEALTH_CARE']"
TORNTPOWER,NSE,Torrent Power Ltd.,['NIFTY500']
TPL,NYSE/NASDAQ,Texas Pacific Land Corporation,['S&P 500']
TPR,NYSE/NASDAQ,"Tapestry, Inc.",['S&P 500']
TRAVELFOOD,NSE,Travel Food Services Ltd.,['NIFTY500']
TRENT,NSE,Trent Ltd.,"['NIFTY50', 'NIFTY500']"
TRGP,NYSE/NASDAQ,Targa Resources,['S&P 500']
TRIDENT,NSE,Trident Ltd.,['NIFTY500']
TRITURBINE,NSE,Triveni Turbine Ltd.,['NIFTY500']
TRMB,NYSE/NASDAQ,Trimble Inc.,['S&P 500']
TROW,NYSE/NASDAQ,T. Rowe Price,['S&P 500']
TRV,NYSE/NASDAQ,The Travelers Companies,"['DOW JONES', 'S&P 500']"
TSCO,NYSE/NASDAQ,Tractor Supply,['S&P 500']
TSLA,NYSE/NASDAQ,"Tesla, Inc.",['S&P 500']
TSN,NYSE/NASDAQ,Tyson Foods,['S&P 500']
TT,NYSE/NASDAQ,Trane Technologies,['S&P 500']
TTD,NYSE/NASDAQ,The Trade Desk,['S&P 500']
TTML,NSE,Tata Teleservices (Maharashtra) Ltd.,['NIFTY500']
TTWO,NYSE/NASDAQ,Take-Two Interactive,['S&P 500']
TVSMOTOR,NSE,TVS Motor Company Ltd.,"['NIFTY500', 'NIFTY_AUTO']"
TXN,NYSE/NASDAQ,Texas Instruments,['S&P 500']
TXT,NYSE/NASDAQ,Textron,['S&P 500']
TYL,NYSE/NASDAQ,Tyler Technologies,['S&P 500']
UAL,NYSE/NASDAQ,United Airlines Holdings,['S&P 500']
UBER,NYSE/NASDAQ,Uber,['S&P 500']
UBL,NSE,United Breweries Ltd.,"['NIFTY500', 'NIFTY_FMCG']"
UCOBANK,NSE,UCO Bank,['NIFTY500']
UDR,NYSE/NASDAQ,"UDR, Inc.",['S&P 500']
UHS,NYSE/NASDAQ,Universal Health Services,['S&P 500']
ULTA,NYSE/NASDAQ,Ulta Beauty,['S&P 500']
ULTRACEMCO,NSE,UltraTech Cement Ltd.,"['NIFTY50', 'NIFTY500']"
UNH,NYSE/NASDAQ,UnitedHealth Group,"['DOW JONES', 'S&P 500']"
UNIONBANK,NSE,Union Bank of India,"['NIFTY500', 'NIFTY_BANK']"
UNITDSPR,NSE,United Spirits Ltd.,"['NIFTY500', 'NIFTY_FMCG']"
UNOMINDA,NSE,UNO Minda Ltd.,"['NIFTY500', 'NIFTY_AUTO']"
UNP,NYSE/NASDAQ,Union Pacific Corporation,['S&P 500']
UPL,NSE,UPL Ltd.,"['NIFTY500', 'NIFTY_CHEMICALS']"
UPS,NYSE/NASDAQ,United Parcel Service,['S&P 500']
URBANCO,NSE,Urban Company Ltd.,['NIFTY500']
URI,NYSE/NASDAQ,United Rentals,['S&P 500']
USB,NYSE/NASDAQ,U.S. Bancorp,['S&P 500']
USHAMART,NSE,Usha Martin Ltd.,['NIFTY500']
UTIAMC,NSE,UTI Asset Management Company Ltd.,['NIFTY500']
V,NYSE/NASDAQ,Visa Inc.,"['DOW JONES', 'S&P 500']"
VBL,NSE,Varun Beverages Ltd.,"['NIFTY500', 'NIFTY_FMCG']"
VEDL,NSE,Vedanta Ltd.,['NIFTY500']
VICI,NYSE/NASDAQ,Vici Properties,['S&P 500']
VIJAYA,NSE,Vijaya Diagnostic Centre Ltd.,['NIFTY500']
VLO,NYSE/NASDAQ,Valero Energy,['S&P 500']
VLTO,NYSE/NASDAQ,Veralto,['S&P 500']
VMC,NYSE/NASDAQ,Vulcan Materials Company,['S&P 500']
VMM,NSE,Vishal Mega Mart Ltd.,['NIFTY500']
VOLTAS,NSE,Voltas Ltd.,['NIFTY500']
VRSK,NYSE/NASDAQ,Verisk Analytics,['S&P 500']
VRSN,NYSE/NASDAQ,Verisign,['S&P 500']
VRT,NYSE/NASDAQ,Vertiv,['S&P 500']
VRTX,NYSE/NASDAQ,Vertex Pharmaceuticals,['S&P 500']
VST,NYSE/NASDAQ,Vistra Corp.,['S&P 500']
VTL,NSE,Vardhman Textiles Ltd.,['NIFTY500']
VTR,NYSE/NASDAQ,Ventas,['S&P 500']
VTRS,NYSE/NASDAQ,Viatris,['S&P 500']
VZ,NYSE/NASDAQ,Verizon,"['DOW JONES', 'S&P 500']"
WAAREEENER,NSE,Waaree Energies Ltd.,['NIFTY500']
WAB,NYSE/NASDAQ,Wabtec,['S&P 500']
WAT,NYSE/NASDAQ,Waters Corporation,['S&P 500']
WBD,NYSE/NASDAQ,Warner Bros. Discovery,['S&P 500']
WDAY,NYSE/NASDAQ,"Workday, Inc.",['S&P 500']
WDC,NYSE/NASDAQ,Western Digital,['S&P 500']
WEC,NYSE/NASDAQ,WEC Energy Group,['S&P 500']
WELCORP,NSE,Welspun Corp Ltd.,['NIFTY500']
WELL,NYSE/NASDAQ,Welltower,['S&P 500']
WELSPUNLIV,NSE,Welspun Living Ltd.,['NIFTY500']
WFC,NYSE/NASDAQ,Wells Fargo,['S&P 500']
WHIRLPOOL,NSE,Whirlpool of India Ltd.,['NIFTY500']
WIPRO,NSE,Wipro Ltd.,"['NIFTY50', 'NIFTY500', 'NIFTY_IT']"
WM,NYSE/NASDAQ,Waste Management,['S&P 500']
WMB,NYSE/NASDAQ,Williams Companies,['S&P 500']
WMT,NYSE/NASDAQ,Walmart,"['DOW JONES', 'S&P 500']"
WOCKPHARMA,NSE,Wockhardt Ltd.,['NIFTY500']
WRB,NYSE/NASDAQ,W. R. Berkley Corporation,['S&P 500']
WSM,NYSE/NASDAQ,"Williams-Sonoma, Inc.",['S&P 500']
WST,NYSE/NASDAQ,West Pharmaceutical Services,['S&P 500']
WTW,NYSE/NASDAQ,Willis Towers Watson,['S&P 500']
WY,NYSE/NASDAQ,Weyerhaeuser,['S&P 500']
WYNN,NYSE/NASDAQ,Wynn Resorts,['S&P 500']
XEL,NYSE/NASDAQ,Xcel Energy,['S&P 500']
XOM,NYSE/NASDAQ,ExxonMobil,['S&P 500']
XYL,NYSE/NASDAQ,Xylem Inc.,['S&P 500']
XYZ,NYSE/NASDAQ,"Block, Inc.",['S&P 500']
YESBANK,NSE,Yes Bank Ltd.,"['NIFTY500', 'NIFTY_BANK']"
YUM,NYSE/NASDAQ,Yum! Brands,['S&P 500']
ZBH,NYSE/NASDAQ,Zimmer Biomet,['S&P 500']
ZBRA,NYSE/NASDAQ,Zebra Technologies,['S&P 500']
ZEEL,NSE,Zee Entertainment Enterprises Ltd.,['NIFTY500']
ZENSARTECH,NSE,Zensar Technolgies Ltd.,['NIFTY500']
ZENTEC,NSE,Zen Technologies Ltd.,['NIFTY500']
ZFCVINDIA,NSE,ZF Commercial Vehicle Control Systems India Ltd.,['NIFTY500']
ZTS,NYSE/NASDAQ,Zoetis,['S&P 500']
ZYDUSLIFE,NSE,Zydus Lifesciences Ltd.,"['NIFTY500', 'NIFTY_HEALTH_CARE']"
ZYDUSWELL,NSE,Zydus Wellness Ltd.,['NIFTY500']
