Company name,Symbol
20 Microns Limited,NSE: 20MICRONS
21st Century Management Services Limited,NSE: 21STCENMGM
3i Infotech Limited,NSE: 3IINFOTECH
3M India Limited,NSE: 3MINDIA
3P Land Holdings Limited,NSE: 3PLAND
3rd Rock Multimedia Limited,NSE: 3RDROCK
5Paisa Capital Limited,NSE: 5PAISA
63 Moons Technologies Limited,NSE: 63MOONS
A and M Jumbo Bags Limited,NSE: AMJUMBO
A B Infrabuild Limited,NSE: ABINFRA
A B N Intercorp Limited,NSE: ABNINT
A2Z Infra Engineering Limited,NSE: A2ZINFRA
Aakash Exploration Services Limited,NSE: AAKASH
Aaron Industries Limited,NSE: AARON
Aarti Drugs Limited,NSE: AARTIDRUGS
Aarti Industries Limited,NSE: AARTIIND
Aarvee Denims & Exports Limited,NSE: AARVEEDEN
Aarvi Encon Limited,NSE: AARVI
Aavas Financiers Limited,NSE: AAVAS
Aban Offshore Limited,NSE: ABAN
ABB India Limited,NSE: ABB
ABB Power Products and Systems India Limited,NSE: POWERINDIA
ABM International Limited,NSE: ABMINTLTD
ACC Limited,NSE: ACC
Accelya Solutions India Limited,NSE: ACCELYA
Accord Synergy Limited,NSE: ACCORD
Accuracy Shipping Limited,NSE: ACCURACY
Ace Integrated Solutions Limited,NSE: ACEINTEG
Action Construction Equipment Limited,NSE: ACE
Adani Enterprises Limited,NSE: ADANIENT
Adani Gas Limited,NSE: ADANIGAS
Adani Green Energy Limited,NSE: ADANIGREEN
Adani Ports and Special Economic Zone Limited,NSE: ADANIPORTS
Adani Power Limited,NSE: ADANIPOWER
Adani Transmission Limited,NSE: ADANITRANS
ADF Foods Limited,NSE: ADFFOODS
Adhunik Industries Limited,NSE: ADHUNIKIND
Aditya Birla Capital Limited,NSE: ABCAPITAL
Aditya Birla Fashion and Retail Limited,NSE: ABFRL
Aditya Birla Money Limited,NSE: BIRLAMONEY
Adlabs Entertainment Limited,NSE: ADLABS
Ador Welding Limited,NSE: ADORWELD
Adroit Infotech Limited,NSE: ADROITINFO
Advanced Enzyme Technologies Limited,NSE: ADVENZYMES
Advani Hotels & Resorts (India) Limited,NSE: ADVANIHOTR
Aegis Logistics Limited,NSE: AEGISCHEM
Affle (India) Limited,NSE: AFFLE
Agarwal Industrial Corporation Limited,NSE: AGARIND
AGC Networks Limited,NSE: AGCNET
Agri-Tech (India) Limited,NSE: AGRITECH
Agro Phos India Limited,NSE: AGROPHOS
Agro Tech Foods Limited,NSE: ATFL
Ahimsa Industries Limited,NSE: AHIMSA
Ahlada Engineers Limited,NSE: AHLADA
Ahluwalia Contracts (India) Limited,NSE: AHLUCONT
AIA Engineering Limited,NSE: AIAENG
Airan Limited,NSE: AIRAN
Airo Lam limited,NSE: AIROLAM
Ajanta Pharma Limited,NSE: AJANTPHARM
Ajmera Realty & Infra India Limited,NSE: AJMERA
Ajooni Biotech Limited,NSE: AJOONI
Akash Infra-Projects Limited,NSE: AKASH
Akg Exim Limited,NSE: AKG
Aksh Optifibre Limited,NSE: AKSHOPTFBR
AksharChem India Limited,NSE: AKSHARCHEM
Akzo Nobel India Limited,NSE: AKZOINDIA
Alankit Limited,NSE: ALANKIT
Albert David Limited,NSE: ALBERTDAVD
Alchemist Limited,NSE: ALCHEM
Alembic Limited,NSE: ALEMBICLTD
Alembic Pharmaceuticals Limited,NSE: APLLTD
Alicon Castalloy Limited,NSE: ALICON
Alkali Metals Limited,NSE: ALKALI
Alkem Laboratories Limited,NSE: ALKEM
Alkyl Amines Chemicals Limited,NSE: ALKYLAMINE
Allcargo Logistics Limited,NSE: ALLCARGO
Allied Digital Services Limited,NSE: ADSL
Allsec Technologies Limited,NSE: ALLSEC
Almondz Global Securities Limited,NSE: ALMONDZ
Alok Industries Limited,NSE: ALOKINDS
Alpa Laboratories Limited,NSE: ALPA
Alphageo (India) Limited,NSE: ALPHAGEO
Alps Industries Limited,NSE: ALPSINDUS
Amara Raja Batteries Limited,NSE: AMARAJABAT
Ambani Organics Limited,NSE: AMBANIORG
Amber Enterprises India Limited,NSE: AMBER
Ambika Cotton Mills Limited,NSE: AMBIKCO
Ambuja Cements Limited,NSE: AMBUJACEM
AMD Industries Limited,NSE: AMDIND
Amit Spinning Industries Limited,NSE: ASIL
Amj Land Holdings Limited,NSE: AMJLAND
Amrutanjan Health Care Limited,NSE: AMRUTANJAN
Anant Raj Limited,NSE: ANANTRAJ
Andhra Cements Limited,NSE: ANDHRACEMT
Andhra Paper Limited,NSE: ANDHRAPAP
Angel Broking Limited,NSE: ANGELBRKG
ANI Integrated Services Limited,NSE: AISL
Anik Industries Limited,NSE: ANIKINDS
Anjani Portland Cement Limited,NSE: APCL
Ankit Metal & Power Limited,NSE: ANKITMETAL
Ansal Housing Limited,NSE: ANSALHSG
Ansal Properties & Infrastructure Limited,NSE: ANSALAPI
Apar Industries Limited,NSE: APARINDS
Apcotex Industries Limited,NSE: APCOTEXIND
Apex Frozen Foods Limited,NSE: APEX
APL Apollo Tubes Limited,NSE: APLAPOLLO
Apollo Hospitals Enterprise Limited,NSE: APOLLOHOSP
Apollo Micro Systems Limited,NSE: APOLLO
Apollo Pipes Limited,NSE: APOLLOPIPE
Apollo Sindoori Hotels Limited,NSE: APOLSINHOT
Apollo Tyres Limited,NSE: APOLLOTYRE
Aptech Limited,NSE: APTECHT
Archidply Industries Limited,NSE: ARCHIDPLY
Archies Limited,NSE: ARCHIES
Arcotech Limited,NSE: ARCOTECH
Aries Agro Limited,NSE: ARIES
Arihant Foundations & Housing Limited,NSE: ARIHANT
Arihant Superstructures Limited,NSE: ARIHANTSUP
Arman Financial Services Limited,NSE: ARMANFIN
Aro Granite Industries Limited,NSE: AROGRANITE
Arrow Greentech Limited,NSE: ARROWGREEN
Arshiya Limited,NSE: ARSHIYA
ARSS Infrastructure Projects Limited,NSE: ARSSINFRA
Art Nirman Limited,NSE: ARTNIRMAN
Artedz Fabs Limited,NSE: ARTEDZ
Artemis Medicare Services Limited,NSE: ARTEMISMED
Arvee Laboratories (India) Limited,NSE: ARVEE
Arvind Fashions Limited,NSE: ARVINDFASN
Arvind Limited,NSE: ARVIND
Arvind SmartSpaces Limited,NSE: ARVSMART
Asahi India Glass Limited,NSE: ASAHIINDIA
Asahi Songwon Colors Limited,NSE: ASAHISONG
Ascom Leasing & Investments Limited,NSE: ASCOM
Ashapura Minechem Limited,NSE: ASHAPURMIN
Ashiana Housing Limited,NSE: ASHIANA
Ashima Limited,NSE: ASHIMASYN
Ashok Leyland Limited,NSE: ASHOKLEY
Ashoka Buildcon Limited,NSE: ASHOKA
Asian Granito India Limited,NSE: ASIANTILES
Asian Hotels (East) Limited,NSE: AHLEAST
Asian Hotels (North) Limited,NSE: ASIANHOTNR
Asian Hotels (West) Limited,NSE: AHLWEST
Asian Paints Limited,NSE: ASIANPAINT
ASL Industries Limited,NSE: ASLIND
Aspinwall and Company Limited,NSE: ASPINWALL
Associated Alcohols & Breweries Ltd.,NSE: ASALCBR
Astec LifeSciences Limited,NSE: ASTEC
Aster DM Healthcare Limited,NSE: ASTERDM
Astra Microwave Products Limited,NSE: ASTRAMICRO
Astral Limited,NSE: ASTRAL
AstraZeneca Pharma India Limited,NSE: ASTRAZEN
Astron Paper & Board Mill Limited,NSE: ASTRON
Atlanta Limited,NSE: ATLANTA
Atlas Cycles (Haryana) Limited,NSE: ATLASCYCLE
ATN International Limited,NSE: ATNINTER
Atul Auto Limited,NSE: ATULAUTO
Atul Limited,NSE: ATUL
AU Small Finance Bank Limited,NSE: AUBANK
Aurangabad Distillery Limited,NSE: AURDIS
Aurionpro Solutions Limited,NSE: Aurionpro
Aurobindo Pharma Limited,NSE: AUROPHARMA
Ausom Enterprise Limited,NSE: AUSOMENT
Autoline Industries Limited,NSE: AUTOIND
Autolite (India) Limited,NSE: AUTOLITIND
Automotive Axles Limited,NSE: AUTOAXLES
Automotive Stampings and Assemblies Limited,NSE: ASAL
Avadh Sugar & Energy Limited,NSE: AVADHSUGAR
Avanti Feeds Limited,NSE: AVANTIFEED
Aventus Buildcon Limited,NSE: AVENTUS
Avenue Supermarts Limited,NSE: DMART
AVG Logistics Limited,NSE: AVG
Avro India Limited,NSE: AVROIND
AVSL Industries Limited,NSE: AVSL
AVT Natural Products Limited,NSE: AVTNPL
Axis Bank Limited,NSE: AXISBANK
AXISCADES Engineering Technologies Limited,NSE: AXISCADES
AYM Syntex Limited,NSE: AYMSYNTEX
B&B Triplewall Containers Limited,NSE: BBTCL
B. L. Kashyap and Sons Limited,NSE: BLKASHYAP
B.A.G Films and Media Limited,NSE: BAGFILMS
Baba Agro Food Limited,NSE: BABAFOOD
Bafna Pharmaceuticals Limited,NSE: BAFNAPH
Bajaj Auto Limited,NSE: BAJAJ-AUTO
Bajaj Consumer Care Limited,NSE: BAJAJCON
Bajaj Electricals Limited,NSE: BAJAJELEC
Bajaj Finance Limited,NSE: BAJFINANCE
Bajaj Finserv Limited,NSE: BAJAJFINSV
Bajaj Hindusthan Sugar Limited,NSE: BAJAJHIND
Bajaj Holdings & Investment Limited,NSE: BAJAJHLDNG
Bal Pharma Limited,NSE: BALPHARMA
Balaji Amines Limited,NSE: BALAMINES
Balaji Telefilms Limited,NSE: BALAJITELE
Balaxi Ventures Limited,NSE: BALAXI
Balkrishna Industries Limited,NSE: BALKRISIND
Balkrishna Paper Mills Limited,NSE: BALKRISHNA
Ballarpur Industries Limited,NSE: BALLARPUR
Balmer Lawrie & Company Limited,NSE: BALMLAWRIE
Balrampur Chini Mills Limited,NSE: BALRAMCHIN
Banaras Beads Limited,NSE: BANARBEADS
Banco Products (I) Limited,NSE: BANCOINDIA
Bandhan Bank Limited,NSE: BANDHANBNK
Bang Overseas Limited,NSE: BANG
Bank of Baroda,NSE: BANKBARODA
Bank of India,NSE: BANKINDIA
Bank of Maharashtra,NSE: MAHABANK
Banka BioLoo Limited,NSE: BANKA
Bannari Amman Spinning Mills Limited,NSE: BASML
Bannari Amman Sugars Limited,NSE: BANARISUG
Banswara Syntex Limited,NSE: BANSWRAS
Barak Valley Cements Limited,NSE: BVCL
Bartronics India Limited,NSE: BARTRONICS
BASF India Limited,NSE: BASF
Bata India Limited,NSE: BATAINDIA
BDR Buildcon Limited,NSE: BDR
Beardsell Limited,NSE: BEARDSELL
Bedmutha Industries Limited,NSE: BEDMUTHA
BEML Limited,NSE: BEML
Berger Paints (I) Limited,NSE: BERGEPAINT
Beta Drugs Limited,NSE: BETA
BF Investment Limited,NSE: BFINVEST
BF Utilities Limited,NSE: BFUTILITIE
BGR Energy Systems Limited,NSE: BGRENERGY
Bhageria Industries Limited,NSE: BHAGERIA
Bhagyanagar India Limited,NSE: BHAGYANGR
Bhagyanagar Properties Limited,NSE: BHAGYAPROP
Bhalchandram Clothing Limited,NSE: BHALCHANDR
Bhandari Hosiery Exports Limited,NSE: BHANDARI
Bhansali Engineering Polymers Limited,NSE: BEPL
Bharat Bijlee Limited,NSE: BBL
Bharat Dynamics Limited,NSE: BDL
Bharat Electronics Limited,NSE: BEL
Bharat Forge Limited,NSE: BHARATFORG
Bharat Gears Limited,NSE: BHARATGEAR
Bharat Heavy Electricals Limited,NSE: BHEL
Bharat Petroleum Corporation Limited,NSE: BPCL
Bharat Rasayan Limited,NSE: BHARATRAS
Bharat Road Network Limited,NSE: BRNL
Bharat Wire Ropes Limited,NSE: BHARATWIRE
Bharti Airtel Limited,NSE: BHARTIARTL
Bharti Infratel Limited,NSE: INFRATEL
Bhartiya International Limited,NSE: BIL
Bigbloc Construction Limited,NSE: BIGBLOC
Bil Energy Systems Limited,NSE: BILENERGY
Biocon Limited,NSE: BIOCON
Biofil Chemicals & Pharmaceuticals Limited,NSE: BIOFILCHEM
Birla Cable Limited,NSE: BIRLACABLE
Birla Corporation Limited,NSE: BIRLACORPN
Birla Tyres Limited,NSE: BIRLATYRE
Birlasoft Limited,NSE: BSOFT
Bkm Industries Limited,NSE: BKMINDST
BLB Limited,NSE: BLBLIMITED
Bliss GVS Pharma Limited,NSE: BLISSGVS
BLS International Services Limited,NSE: BLS
Blue Chip India Limited,NSE: BLUECHIP
Blue Coast Hotels Limited,NSE: BLUECOAST
Blue Dart Express Limited,NSE: BLUEDART
Blue Star Limited,NSE: BLUESTARCO
Bodal Chemicals Limited,NSE: BODALCHEM
Bohra Industries Limited,NSE: BOHRA
Bombay Burmah Trading Corporation Limited,NSE: BBTC
Bombay Dyeing & Mfg Company Limited,NSE: BOMDYEING
Bombay Rayon Fashions Limited,NSE: BRFL
Bombay Super Hybrid Seeds Limited,NSE: BSHSL
Borosil Renewables Limited,NSE: BORORENEW
Bosch Limited,NSE: BOSCHLTD
BPL Limited,NSE: BPL
Brand Concepts Limited,NSE: BCONCEPTS
Brigade Enterprises Limited,NSE: BRIGADE
Bright Solar Limited,NSE: BRIGHT
Brightcom Group Limited,NSE: BCG
Britannia Industries Limited,NSE: BRITANNIA
Brooks Laboratories Limited,NSE: BROOKS
BSE Limited,NSE: BSE
BSEL Infrastructure Realty Limited,NSE: BSELINFRA
BSL Limited,NSE: BSL
Burnpur Cement Limited,NSE: BURNPUR
Butterfly Gandhimathi Appliances Limited,NSE: BUTTERFLY
Best Stock Advisory,NSE: BSD
C & C Constructions Limited,NSE: CANDC
Cadila Healthcare Limited,NSE: CADILAHC
Cadsys (India) Limited,NSE: CADSYS
California Software Company Limited,NSE: CALSOFT
Cambridge Technology Enterprises Limited,NSE: CTE
Camlin Fine Sciences Limited,NSE: CAMLINFINE
Can Fin Homes Limited,NSE: CANFINHOME
Canara Bank,NSE: CANBK
Cantabil Retail India Limited,NSE: CANTABIL
Capacit'e Infraprojects Limited,NSE: CAPACITE
Capital Trust Limited,NSE: CAPTRUST
Caplin Point Laboratories Limited,NSE: CAPLIPOINT
Capri Global Capital Limited,NSE: CGCL
Carborundum Universal Limited,NSE: CARBORUNIV
CARE Ratings Limited,NSE: CARERATING
Career Point Limited,NSE: CAREERP
Castex Technologies Limited,NSE: CASTEXTECH
Castrol India Limited,NSE: CASTROLIND
CCL Products (India) Limited,NSE: CCL
CEAT Limited,NSE: CEATLTD
Celebrity Fashions Limited,NSE: CELEBRITY
Central Bank of India,NSE: CENTRALBK
Central Depository Services (India) Limited,NSE: CDSL
Centrum Capital Limited,NSE: CENTRUM
Centum Electronics Limited,NSE: CENTUM
Century Enka Limited,NSE: CENTENKA
Century Extrusions Limited,NSE: CENTEXT
Century Plyboards (India) Limited,NSE: CENTURYPLY
Century Textiles & Industries Limited,NSE: CENTURYTEX
Cera Sanitaryware Limited,NSE: CERA
Cerebra Integrated Technologies Limited,NSE: CEREBRAINT
CESC Limited,NSE: CESC
CESC Ventures Limited,NSE: CESCVENT
CG Power and Industrial Solutions Limited,NSE: CGPOWER
Chalet Hotels Limited,NSE: CHALET
Chambal Fertilizers & Chemicals Limited,NSE: CHAMBLFERT
Chembond Chemicals Ltd,NSE: CHEMBOND
Chemcon Speciality Chemicals Limited,NSE: CHEMCON
Chemfab Alkalis Limited,NSE: CHEMFAB
Chennai Petroleum Corporation Limited,NSE: CHENNPETRO
Cholamandalam Financial Holdings Limited,NSE: CHOLAHLDNG
Cholamandalam Investment and Finance Company Limited,NSE: CHOLAFIN
Chromatic India Limited,NSE: CHROMATIC
Cigniti Technologies Limited,NSE: CIGNITITEC
CIL Nova Petrochemicals Limited,NSE: CNOVAPETRO
Cimmco Limited,NSE: CIMMCO
Cineline India Limited,NSE: CINELINE
Cinevista Limited,NSE: CINEVISTA
Cipla Limited,NSE: CIPLA
City Union Bank Limited,NSE: CUB
CKP Leisure Limited,NSE: CKPLEISURE
CKP Products Limited,NSE: CKPPRODUCT
CL Educate Limited,NSE: CLEDUCATE
Clariant Chemicals (India) Limited,NSE: CLNINDIA
CMI Limited,NSE: CMICABLES
CMM Infraprojects Limited,NSE: CMMIPL
Coal India Limited,NSE: COALINDIA
Cochin Shipyard Limited,NSE: COCHINSHIP
Coforge Limited,NSE: COFORGE
Colgate Palmolive (India) Limited,NSE: COLPAL
Commercial Engineers & Body Builders Co Limited,NSE: CEBBCO
Compuage Infocom Limited,NSE: COMPINFO
Compucom Software Limited,NSE: COMPUSOFT
Computer Age Management Services Limited,NSE: CAMS
Confidence Petroleum India Limited,NSE: CONFIPET
Consolidated Construction Consortium Limited,NSE: CCCL
Consolidated Finvest & Holdings Limited,NSE: CONSOFINVT
Container Corporation of India Limited,NSE: CONCOR
Continental Seeds and Chemicals Limited,NSE: CONTI
Control Print Limited,NSE: CONTROLPR
Coral India Finance & Housing Limited,NSE: CORALFINAC
Cords Cable Industries Limited,NSE: CORDSCABLE
Coromandel International Limited,NSE: COROMANDEL
Cosmo Films Limited,NSE: COSMOFILMS
Country Club Hospitality & Holidays Limited,NSE: CCHHL
Country Condo's Limited,NSE: COUNCODOS
Cox & Kings Financial Service Limited,NSE: CKFSL
Cox & Kings Limited,NSE: COX&KINGS
Creative Eye Limited,NSE: CREATIVEYE
Creative Peripherals and Distribution Limited,NSE: CREATIVE
CreditAccess Grameen Limited,NSE: CREDITACC
Crest Ventures Limited,NSE: CREST
CRISIL Limited,NSE: CRISIL
Crompton Greaves Consumer Electricals Limited,NSE: CROMPTON
Crown Lifters Limited,NSE: CROWN
CSB Bank Limited,NSE: CSBBANK
Cubex Tubings Limited,NSE: CUBEXTUB
Cummins India Limited,NSE: CUMMINSIND
Cupid Limited,NSE: CUPID
Cybertech Systems And Software Limited,NSE: CYBERTECH
Cyient Limited,NSE: CYIENT
D B Realty Limited,NSE: DBREALTY
D P Wires Limited,NSE: DPWIRES
D. P. Abhushan Limited,NSE: DPABHUSHAN
D.B.Corp Limited,NSE: DBCORP
Dabur India Limited,NSE: DABUR
Dalmia Bharat Limited,NSE: DALBHARAT
Dalmia Bharat Sugar and Industries Limited,NSE: DALMIASUG
Damodar Industries Limited,NSE: DAMODARIND
Dangee Dums Limited,NSE: DANGEE
Datamatics Global Services Limited,NSE: DATAMATICS
DB (International) Stock Brokers Limited,NSE: DBSTOCKBRO
DC Infotech and Communication Limited,NSE: DCI
DCB Bank Limited,NSE: DCBBANK
DCM Limited,NSE: DCM
DCM Financial Services Limited,NSE: DCMFINSERV
DCM Nouvelle Limited,NSE: DCMNVL
DCM Shriram Limited,NSE: DCMSHRIRAM
DCW Limited,NSE: DCW
De Nora India Limited,NSE: DENORA
Debock Sales And Marketing Limited,NSE: DSML
Deccan Cements Limited,NSE: DECCANCE
Deep Industries Limited,NSE: DEEPIND
Deepak Fertilizers and Petrochemicals Corporation Limited,NSE: DEEPAKFERT
Deepak Nitrite Limited,NSE: DEEPAKNTR
Delta Corp Limited,NSE: DELTACORP
Delta Manufacturing Limited,NSE: DELTAMAGNT
Den Networks Limited,NSE: DEN
Dev Information Technology Limited,NSE: DEVIT
Dewan Housing Finance Corporation Limited,NSE: DHFL
DFM Foods Limited,NSE: DFMFOODS
Dhampur Sugar Mills Limited,NSE: DHAMPURSUG
Dhanlaxmi Bank Limited,NSE: DHANBANK
Dhanuka Agritech Limited,NSE: DHANUKA
Dhanuka Realty Limited,NSE: DRL
Dharani Sugars & Chemicals Limited,NSE: DHARSUGAR
Dhunseri Investments Limited,NSE: DHUNINV
Dhunseri Tea & Industries Limited,NSE: DTIL
Dhunseri Ventures Limited,NSE: DVL
Diamond Power Infra Ltd,NSE: DIAPOWER
DIC India Limited,NSE: DICIND
Digicontent Limited,NSE: DGCONTENT
DiGiSPICE Technologies Limited,NSE: DIGISPICE
Digjam Limited,NSE: DIGJAMLTD
Diligent Media Corporation Limited,NSE: DNAMEDIA
Dilip Buildcon Limited,NSE: DBL
Dish TV India Limited,NSE: DISHTV
Dishman Carbogen Amcis Limited,NSE: DCAL
Divi's Laboratories Limited,NSE: DIVISLAB
Dixon Technologies (India) Limited,NSE: DIXON
DLF Limited,NSE: DLF
D-Link (India) Limited,NSE: DLINKINDIA
Dollar Industries Limited,NSE: DOLLAR
Donear Industries Limited,NSE: DONEAR
DPSC Limited,NSE: DPSCLTD
DQ Entertainment (International) Limited,NSE: DQE
Dr. Lal Path Labs Ltd.,NSE: LALPATHLAB
Dr. Reddy's Laboratories Limited,NSE: DRREDDY
Dredging Corporation of India Limited,NSE: DREDGECORP
DRS Dilip Roadlines Limited,NSE: DRSDILIP
Ducon Infratechnologies Limited,NSE: DUCON
Dwarikesh Sugar Industries Limited,NSE: DWARKESH
Dynacons Systems & Solutions Limited,NSE: DSSL
Dynamatic Technologies Limited,NSE: DYNAMATECH
Dynemic Products Limited,NSE: DYNPRO
E2E Networks Limited,NSE: E2E
Eastern Silk Industries Limited,NSE: EASTSILK
Easun Reyrolle Limited,NSE: EASUNREYRL
EbixCash World Money Limited,NSE: EBIXFOREX
eClerx Services Limited,NSE: ECLERX
Edelweiss Financial Services Limited,NSE: EDELWEISS
Educomp Solutions Limited,NSE: EDUCOMP
Eicher Motors Limited,NSE: EICHERMOT
EID Parry India Limited,NSE: EIDPARRY
EIH Associated Hotels Limited,NSE: EIHAHOTELS
EIH Limited,NSE: EIHOTEL
Eimco Elecon (India) Limited,NSE: EIMCOELECO
Elecon Engineering Company Limited,NSE: ELECON
Electrosteel Castings Limited,NSE: ELECTCAST
Electrotherm (India) Limited,NSE: ELECTHERM
Elgi Equipments Limited,NSE: ELGIEQUIP
Elgi Rubber Company Limited,NSE: ELGIRUBCO
Emami Limited,NSE: EMAMILTD
Emami Paper Mills Limited,NSE: EMAMIPAP
Emami Realty Limited,NSE: EMAMIREAL
Emco Limited,NSE: EMCO
Emkay Global Financial Services Limited,NSE: EMKAY
Emkay Taps and Cutting Tools Limited,NSE: EMKAYTOOLS
Electronics Mart India Limited,NSE: EMIL
Emmbi Industries Limited,NSE: EMMBI
Empee Distilleries Limited,NSE: EDL
Endurance Technologies Limited,NSE: ENDURANCE
Energy Development Company Limited,NSE: ENERGYDEV
Engineers India Limited,NSE: ENGINERSIN
Entertainment Network (India) Limited,NSE: ENIL
Eon Electric Limited,NSE: EON
Equitas Holdings Limited,NSE: EQUITAS
Equitas Small Finance Bank Limited,NSE: EQUITASBNK
Eris Lifesciences Limited,NSE: ERIS
Eros International Media Limited,NSE: EROSMEDIA
Esab India Limited,NSE: ESABINDIA
Escorts Limited,NSE: ESCORTS
Essar Shipping Limited,NSE: ESSARSHPNG
Essel Propack Limited,NSE: ESSELPACK
Ester Industries Limited,NSE: ESTER
Euro Ceramics Limited,NSE: EUROCERA
Euro India Fresh Foods Limited,NSE: EIFFL
Euro Multivision Limited,NSE: EUROMULTI
Eurotex Industries and Exports Limited,NSE: EUROTEXIND
Eveready Industries India Limited,NSE: EVEREADY
Everest Industries Limited,NSE: EVERESTIND
Everest Kanto Cylinder Limited,NSE: EKC
Excel Industries Limited,NSE: EXCELINDUS
Excel Realty N Infra Limited,NSE: EXCEL
Exide Industries Limited,NSE: EXIDEIND
Expleo Solutions Limited,NSE: EXPLEOSOL
Fairchem Speciality Limited,NSE: FAIRCHEM
FCS Software Solutions Limited,NSE: FCSSOFT
FDC Limited,NSE: FDC
Federal-Mogul Goetze (India) Limited,NSE: FMGOETZE
Felix Industries Limited,NSE: FELIX
Fertilizers and Chemicals Travancore Limited,NSE: FACT
Fiem Industries Limited,NSE: FIEMIND
Filatex India Limited,NSE: FILATEX
Fine Organic Industries Limited,NSE: FINEORG
Fineotex Chemical Limited,NSE: FCL
Finolex Cables Limited,NSE: FINCABLES
Finolex Industries Limited,NSE: FINPIPE
Firstsource Solutions Limited,NSE: FSL
Flexituff Ventures International Limited,NSE: FLEXITUFF
Focus Lighting and Fixtures Limited,NSE: FOCUS
Fortis Healthcare Limited,NSE: FORTIS
Foseco India Limited,NSE: FOSECOIND
Fourth Dimension Solutions Limited,NSE: FOURTHDIM
Future Consumer Limited,NSE: FCONSUMER
Future Enterprises Limited,NSE: FEL
Future Lifestyle Fashions Limited,NSE: FLFL
Future Market Networks Limited,NSE: FMNL
Future Retail Limited,NSE: FRETAIL
Future Supply Chain Solutions Limited,NSE: FSC
Gabriel India Limited,NSE: GABRIEL
GAIL (India) Limited,NSE: GAIL
Galaxy Surfactants Limited,NSE: GALAXYSURF
Gallantt Ispat Limited,NSE: GALLISPAT
Gallantt Metal Limited,NSE: GALLANTT
Gammon Infrastructure Projects Limited,NSE: GAMMNINFRA
Gandhi Special Tubes Limited,NSE: GANDHITUBE
Ganesh Housing Corporation Limited,NSE: GANESHHOUC
Ganesha Ecosphere Limited,NSE: GANECOS
Ganga Forging Limited,NSE: GANGAFORGE
Ganges Securities Limited,NSE: GANGESSECU
Garden Reach Shipbuilders & Engineers Limited,NSE: GRSE
Garden Silk Mills Limited,NSE: GARDENSILK
Garware Technical Fibres Limited,NSE: GARFIBRES
Gateway Distriparks Limited,NSE: GDL
GATI Limited,NSE: GATI
Gayatri Highways Limited,NSE: GAYAHWS
Gayatri Projects Limited,NSE: GAYAPROJ
GB Global Limited,NSE: GBGLOBAL
GE Power India Limited,NSE: GEPIL
GE T&D India Limited,NSE: GET&D
GeeCee Ventures Limited,NSE: GEECEE
Geekay Wires Limited,NSE: GEEKAYWIRE
General Insurance Corporation of India,NSE: GICRE
Genesys International Corporation Limited,NSE: GENESYS
Genus Paper & Boards Limited,NSE: GENUSPAPER
Genus Power Infrastructures Limited,NSE: GENUSPOWER
Geojit Financial Services Limited,NSE: GEOJITFSL
GFL Limited,NSE: GFLLIMITED
GHCL Limited,NSE: GHCL
GI Engineering Solutions Limited,NSE: GISOLUTION
GIC Housing Finance Limited,NSE: GICHSGFIN
Gillanders Arbuthnot & Company Limited,NSE: GILLANDERS
Gillette India Limited,NSE: GILLETTE
Ginni Filaments Limited,NSE: GINNIFILA
GIR Natureview Resorts Limited,NSE: GIRRESORTS
GKW Limited,NSE: GKWLIMITED
Gland Pharma Limited,NSE: GLAND
GlaxoSmithKline Consumer Healthcare Limited,NSE: GSKCONS
GlaxoSmithKline Pharmaceuticals Limited,NSE: GLAXO
Glenmark Pharmaceuticals Limited,NSE: GLENMARK
Global Education Limited,NSE: GLOBAL
Global Offshore Services Limited,NSE: GLOBOFFS
Global Vectra Helicorp Limited,NSE: GLOBALVECT
Globe International Carriers Limited,NSE: GICL
Globe Textiles (India) Limited,NSE: GLOBE
Globus Spirits Limited,NSE: GLOBUSSPR
GM Breweries Limited,NSE: GMBREW
GMM Pfaudler Limited,NSE: GMMPFAUDLR
GMR Infrastructure Limited,NSE: GMRINFRA
GNA Axles Limited,NSE: GNA
Goa Carbon Limited,NSE: GOACARBON
GOCL Corporation Limited,NSE: GOCLCORP
Godawari Power And Ispat limited,NSE: GPIL
Godfrey Phillips India Limited,NSE: GODFRYPHLP
Godha Cabcon & Insulation Limited,NSE: GODHA
Godrej Agrovet Limited,NSE: GODREJAGRO
Godrej Consumer Products Limited,NSE: GODREJCP
Godrej Industries Limited,NSE: GODREJIND
Godrej Properties Limited,NSE: GODREJPROP
Goenka Diamond and Jewels Limited,NSE: GOENKA
Gokaldas Exports Limited,NSE: GOKEX
Gokul Agro Resources Limited,NSE: GOKULAGRO
Gokul Refoils and Solvent Limited,NSE: GOKUL
Golden Tobacco Limited,NSE: GOLDENTOBC
Goldiam International Limited,NSE: GOLDIAM
Goldstar Power Limited,NSE: GOLDSTAR
Goldstone Technologies Limited,NSE: GOLDTECH
Goodluck India Limited,NSE: GOODLUCK
GP Petroleums Limited,NSE: GULFPETRO
GPT Infraprojects Limited,NSE: GPTINFRA
Grand Foundry Limited,NSE: GFSTEELS
Granules India Limited,NSE: GRANULES
Graphite India Limited,NSE: GRAPHITE
Grasim Industries Limited,NSE: GRASIM
Gravita India Limited,NSE: GRAVITA
Greaves Cotton Limited,NSE: GREAVESCOT
Greenlam Industries Limited,NSE: GREENLAM
Greenpanel Industries Limited,NSE: GREENPANEL
Greenply Industries Limited,NSE: GREENPLY
Gretex Industries Limited,NSE: GRETEX
Grindwell Norton Limited,NSE: GRINDWELL
G R Infraprojects Limited,NSE: GRINFRA
GRP Limited,NSE: GRPLTD
GSS Infotech Limited,NSE: GSS
GTL Infrastructure Limited,NSE: GTLINFRA
GTL Limited,NSE: GTL
GTN Industries Limited,NSE: GTNIND
GTN Textiles Limited,NSE: GTNTEX
GTPL Hathway Limited,NSE: GTPL
Gufic Biosciences Limited,NSE: GUFICBIO
Gujarat Alkalies and Chemicals Limited,NSE: GUJALKALI
Gujarat Ambuja Exports Limited,NSE: GAEL
Gujarat Apollo Industries Limited,NSE: GUJAPOLLO
Gujarat Fluorochemicals Limited,NSE: FLUOROCHEM
Gujarat Gas Limited,NSE: GUJGASLTD
Gujarat Industries Power Company Limited,NSE: GIPCL
Gujarat Lease Financing Limited,NSE: GLFL
Gujarat Mineral Development Corporation Limited,NSE: GMDCLTD
Gujarat Narmada Valley Fertilizers and Chemicals Limited,NSE: GNFC
Gujarat Pipavav Port Limited,NSE: GPPL
Gujarat Raffia Industries Limited,NSE: GUJRAFFIA
Gujarat Sidhee Cement Limited,NSE: GSCLCEMENT
Gujarat State Fertilizers & Chemicals Limited,NSE: GSFC
Gujarat State Petronet Limited,NSE: GSPL
Gulf Oil Lubricants India Limited,NSE: GULFOILLUB
Gulshan Polyols Limited,NSE: GULPOLY
GVK Power & Infrastructure Limited,NSE: GVKPIL
Gyscoal Alloys Limited,NSE: GAL
H.G. Infra Engineering Limited,NSE: HGINFRA
Happiest Minds Technologies Limited,NSE: HAPPSTMNDS
Harita Seating Systems Limited,NSE: HARITASEAT
Harrisons Malayalam Limited,NSE: HARRMALAYA
Hathway Cable & Datacom Limited,NSE: HATHWAY
Hatsun Agro Product Limited,NSE: HATSUN
Havells India Limited,NSE: HAVELLS
HB Stockholdings Limited,NSE: HBSL
HBL Power Systems Limited,NSE: HBLPOWER
HCL Infosystems Limited,NSE: HCL-INSYS
HCL Technologies Limited,NSE: HCLTECH
HDFC Asset Management Company Limited,NSE: HDFCAMC
HDFC Bank Limited,NSE: HDFCBANK
HDFC Life Insurance Company Limited,NSE: HDFCLIFE
Healthcare Global Enterprises Limited,NSE: HCG
HEC Infra Projects Limited,NSE: HECPROJECT
HEG Limited,NSE: HEG
HeidelbergCement India Limited,NSE: HEIDELBERG
Heranba Industries Limited,NSE: HERANBA
Hercules Hoists Limited,NSE: HERCULES
Heritage Foods Limited,NSE: HERITGFOOD
Hero MotoCorp Limited,NSE: HEROMOTOCO
Hester Biosciences Limited,NSE: HESTERBIO
Hexa Tradex Limited,NSE: HEXATRADEX
Hexaware Technologies Limited,NSE: HEXAWARE
HFCL Limited,NSE: HFCL
Hikal Limited,NSE: HIKAL
HIL Limited,NSE: HIL
Hilton Metal Forging Limited,NSE: HILTON
Himadri Speciality Chemical Limited,NSE: HSCL
Himatsingka Seide Limited,NSE: HIMATSEIDE
Hind Rectifiers Limited,NSE: HIRECT
Hindalco Industries Limited,NSE: HINDALCO
Hindcon Chemicals Limited,NSE: HINDCON
Hindprakash Industries Limited,NSE: HPIL
Hinduja Global Solutions Limited,NSE: HGS
Hindustan Aeronautics Limited,NSE: HAL
Hindustan Composites Limited,NSE: HINDCOMPOS
Hindustan Construction Company Limited,NSE: HCC
Hindustan Copper Limited,NSE: HINDCOPPER
Hindustan Media Ventures Limited,NSE: HMVL
Hindustan Motors Limited,NSE: HINDMOTORS
Hindustan Oil Exploration Company Limited,NSE: HINDOILEXP
Hindustan Petroleum Corporation Limited,NSE: HINDPETRO
Hindustan Unilever Limited,NSE: HINDUNILVR
Hindustan Zinc Limited,NSE: HINDZINC
Hindustan National Glass & Industries Limited,NSE: HINDNATGLS
Hisar Metal Industries Limited,NSE: HISARMETAL
Hitech Corporation Limited,NSE: HITECHCORP
Hi-Tech Pipes Limited,NSE: HITECH
HLV Limited,NSE: HLVLTD
HMT Limited,NSE: HMT
Honda Siel Power Products Limited,NSE: HONDAPOWER
Honeywell Automation India Limited,NSE: HONAUT
Hotel Rugby Limited,NSE: HOTELRUGBY
Housing & Urban Development Corporation Limited,NSE: HUDCO
Housing Development and Infrastructure Limited,NSE: HDIL
Housing Development Finance Corporation Limited,NSE: HDFC
HOV Services Limited,NSE: HOVS
HPL Electric & Power Limited,NSE: HPL
HSIL Limited,NSE: HSIL
HT Media Limited,NSE: HTMEDIA
Hubtown Limited,NSE: HUBTOWN
Huhtamaki PPL Limited,NSE: PAPERPROD
Husys Consulting Limited,NSE: HUSYSLTD
Ice Make Refrigeration Limited,NSE: ICEMAKE
ICICI Bank Limited,NSE: ICICIBANK
ICICI Lombard General Insurance Company Limited,NSE: ICICIGI
ICICI Prudential Life Insurance Company Limited,NSE: ICICIPRULI
ICICI Securities Limited,NSE: ISEC
ICRA Limited,NSE: ICRA
IDBI Bank Limited,NSE: IDBI
IDFC First Bank Limited,NSE: IDFCFIRSTB
IDFC Limited,NSE: IDFC
IFB Agro Industries Limited,NSE: IFBAGRO
IFB Industries Limited,NSE: IFBIND
IFCI Limited,NSE: IFCI
IFGL Refractories Limited,NSE: IFGLEXPOR
IG Petrochemicals Limited,NSE: IGPL
Igarashi Motors India Limited,NSE: IGARASHI
IIFL Finance Limited,NSE: IIFL
IIFL Securities Limited,NSE: IIFLSEC
IIFL Wealth Management Limited,NSE: IIFLWAM
IL&FS Engineering and Construction Company Limited,NSE: IL&FSENGG
IL&FS Investment Managers Limited,NSE: IVC
IL&FS Transportation Networks Limited,NSE: IL&FSTRANS
IMP Powers Limited,NSE: INDLMETER
Impex Ferro Tech Limited,NSE: IMPEXFERRO
Indbank Merchant Banking Services Limited,NSE: INDBANK
India Glycols Limited,NSE: INDIAGLYCO
India Motor Parts and Accessories Limited,NSE: IMPAL
India Nippon Electricals Limited,NSE: INDNIPPON
India Tourism Development Corporation Limited,NSE: ITDC
Indiabulls Housing Finance Limited,NSE: IBULHSGFIN
Indiabulls Integrated Services Limited,NSE: IBULISL
Indiabulls Real Estate Limited,NSE: IBREALEST
Indiabulls Ventures Limited,NSE: IBVENTURES
Indiamart Intermesh Limited,NSE: INDIAMART
Indian Bank,NSE: INDIANB
Indian Card Clothing Company Limited,NSE: INDIANCARD
Indian Energy Exchange Limited,NSE: IEX
Indian Hume Pipe Company Limited,NSE: INDIANHUME
Indian Metals & Ferro Alloys Limited,NSE: IMFA
Indian Oil Corporation Limited,NSE: IOC
Indian Overseas Bank,NSE: IOB
Indian Railway Catering and Tourism Corporation Limited,NSE: IRCTC
Indian Terrain Fashions Limited,NSE: INDTERRAIN
Indo Count Industries Limited,NSE: ICIL
Indo Rama Synthetics (India) Limited,NSE: INDORAMA
Indo Tech Transformers Limited,NSE: INDOTECH
Indo Thai Securities Limited,NSE: INDOTHAI
Indoco Remedies Limited,NSE: INDOCO
Indo-National Limited,NSE: NIPPOBATRY
Indosolar Limited,NSE: INDOSOLAR
IndoStar Capital Finance Limited,NSE: INDOSTAR
Indowind Energy Limited,NSE: INDOWIND
Indraprastha Gas Limited,NSE: IGL
Indraprastha Medical Corporation Limited,NSE: INDRAMEDCO
Ind-Swift Laboratories Limited,NSE: INDSWFTLAB
Ind-Swift Limited,NSE: INDSWFTLTD
IndusInd Bank Limited,NSE: INDUSINDBK
Industrial Investment Trust Limited,NSE: IITL
INEOS Styrolution India Limited,NSE: INEOSSTYRO
Infibeam Avenues Limited,NSE: INFIBEAM
Info Edge (India) Limited,NSE: NAUKRI
InfoBeans Technologies Limited,NSE: INFOBEAN
Infomedia Press Limited,NSE: INFOMEDIA
Infosys Limited,NSE: INFY
Ingersoll Rand (India) Limited,NSE: INGERRAND
Innovana Thinklabs Limited,NSE: INNOVANA
Innovative Tyres and Tubes Limited,NSE: INNOVATIVE
INOX Leisure Limited,NSE: INOXLEISUR
Inox Wind Limited,NSE: INOXWIND
Insecticides (India) Limited,NSE: INSECTICID
Inspirisys Solutions Limited,NSE: INSPIRISYS
Integra Garments and Textiles Limited,NSE: INTEGRA
Intellect Design Arena Limited,NSE: INTELLECT
Intense Technologies Limited,NSE: INTENTECH
InterGlobe Aviation Limited,NSE: INDIGO
International Constructions Limited,NSE: SUBCAPCITY
Intrasoft Technologies Limited,NSE: ISFT
Inventure Growth & Securities Limited,NSE: INVENTURE
IOL Chemicals and Pharmaceuticals Limited,NSE: IOLCP
IPCA Laboratories Limited,NSE: IPCALAB
IRB Infrastructure Developers Limited,NSE: IRB
Ircon International Limited,NSE: IRCON
Iris Clothings Limited,NSE: IRISDOREME
ISMT Limited,NSE: ISMTLTD
ITC Limited,NSE: ITC
ITD Cementation India Limited,NSE: ITDCEM
ITI Limited,NSE: ITI
IVP Limited,NSE: IVP
IZMO Limited,NSE: IZMO
J.Kumar Infraprojects Limited,NSE: JKIL
Jagran Prakashan Limited,NSE: JAGRAN
Jagsonpal Pharmaceuticals Limited,NSE: JAGSNPHARM
Jai Balaji Industries Limited,NSE: JAIBALAJI
Jai Corp Limited,NSE: JAICORPLTD
Jaihind Projects Limited,NSE: JAIHINDPRO
Jain Irrigation Systems Limited,NSE: JISLJALEQS
Jain Studios Limited,NSE: JAINSTUDIO
Jaiprakash Associates Limited,NSE: JPASSOCIAT
Jaiprakash Power Ventures Limited,NSE: JPPOWER
Jakharia Fabric Limited,NSE: JAKHARIA
Jalan Transolutions (India) Limited,NSE: JALAN
Jamna Auto Industries Limited,NSE: JAMNAAUTO
Jash Engineering Limited,NSE: JASH
Jay Bharat Maruti Limited,NSE: JAYBARMARU
Jayant Agro Organics Limited,NSE: JAYAGROGN
Jayaswal Neco Industries Limited,NSE: JAYNECOIND
Jaypee Infratech Limited,NSE: JPINFRATEC
Jayshree Tea & Industries Limited,NSE: JAYSREETEA
JB Chemicals & Pharmaceuticals Limited,NSE: JBCHEPHARM
JBF Industries Limited,NSE: JBFIND
JBM Auto Limited,NSE: JBMA
Jet Airways (India) Limited,NSE: JETAIRWAYS
Jet Freight Logistics Limited,NSE: JETFREIGHT
Jet Knitwears Limited,NSE: JETKNIT
JHS Svendgaard Laboratories Limited,NSE: JHS
JIK Industries Limited,NSE: JIKIND
Jindal Drilling And Industries Limited,NSE: JINDRILL
Jindal Photo Limited,NSE: JINDALPHOT
Jindal Poly Films Limited,NSE: JINDALPOLY
Jindal Poly Investment and Finance Company Limited,NSE: JPOLYINVST
Jindal Saw Limited,NSE: JINDALSAW
Jindal Stainless (Hisar) Limited,NSE: JSLHISAR
Jindal Stainless Limited,NSE: JSL
Jindal Steel & Power Limited,NSE: JINDALSTEL
Jindal Worldwide Limited,NSE: JINDWORLD
JITF Infralogistics Limited,NSE: JITFINFRA
JK Cement Limited,NSE: JKCEMENT
JK Lakshmi Cement Limited,NSE: JKLAKSHMI
JK Paper Limited,NSE: JKPAPER
JK Tyre & Industries Limited,NSE: JKTYRE
JM Financial Limited,NSE: JMFINANCIL
JMC Projects (India) Limited,NSE: JMCPROJECT
JMT Auto Limited,NSE: JMTAUTOLTD
Jocil Limited,NSE: JOCIL
Johnson Controls – Hitachi Air Conditioning India Limited,NSE: JCHAC
JSW Energy Limited,NSE: JSWENERGY
JSW Holdings Limited,NSE: JSWHL
JSW Steel Limited,NSE: JSWSTEEL
Jtekt India Limited,NSE: JTEKTINDIA
Jubilant Foodworks Limited,NSE: JUBLFOOD
Jubilant Industries Limited,NSE: JUBLINDS
Jubilant Life Sciences Limited,NSE: JUBILANT
Jullundur Motor Agency (Delhi) Limited,NSE: JMA
Just Dial Limited,NSE: JUSTDIAL
JVL Agro Industries Limited,NSE: JVLAGRO
Jyothy Labs Limited,NSE: JYOTHYLAB
Jyoti Structures Limited,NSE: JYOTISTRUC
K.M.Sugar Mills Limited,NSE: KMSUGAR
K.P.R. Mill Limited,NSE: KPRMILL
Kabra Extrusion Technik Limited,NSE: KABRAEXTRU
Kajaria Ceramics Limited,NSE: KAJARIACER
Kakatiya Cement Sugar & Industries Limited,NSE: KAKATCEM
Kalpataru Power Transmission Limited,NSE: KALPATPOWR
Kalyani Commercials Limited,NSE: KALYANI
Kalyani Forge Limited,NSE: KALYANIFRG
Kalyani Investment Company Limited,NSE: KICL
Kalyani Steels Limited,NSE: KSL
Kamat Hotels (I) Limited,NSE: KAMATHOTEL
Kamdhenu Limited,NSE: KAMDHENU
Kanani Industries Limited,NSE: KANANIIND
Kanoria Chemicals & Industries Limited,NSE: KANORICHEM
Kansai Nerolac Paints Limited,NSE: KANSAINER
Kapston Facilities Management Limited,NSE: KAPSTON
Karda Constructions Limited,NSE: KARDA
Karma Energy Limited,NSE: KARMAENG
Karur Vysya Bank Limited,NSE: KARURVYSYA
Karuturi Global Limited,NSE: KGL
Kaushalya Infrastructure Development Corporation Limited,NSE: KAUSHALYA
Kaveri Seed Company Limited,NSE: KSCL
Kaya Limited,NSE: KAYA
KCP Limited,NSE: KCP
KCP Sugar and Industries Corporation Limited,NSE: KCPSUGIND
KDDL Limited,NSE: KDDL
KEC International Limited,NSE: KEC
Keerti Knowledge and Skills Limited,NSE: KEERTI
KEI Industries Limited,NSE: KEI
Kellton Tech Solutions Limited,NSE: KELLTONTEC
Kernex Microsystems (India) Limited,NSE: KERNEX
Kesoram Industries Limited,NSE: KESORAMIND
Kewal Kiran Clothing Limited,NSE: KKCL
Keynote Financial Services Limited,NSE: KEYFINSERV
Khadim India Limited,NSE: KHADIM
Khandwala Securities Limited,NSE: KHANDSE
Khfm Hospitality And Facility Management Services Limited,NSE: KHFM
Kilitch Drugs (India) Limited,NSE: KILITCH
Kingfa Science & Technology (India) Limited,NSE: KINGFA
KIOCL Limited,NSE: KIOCL
Kiri Industries Limited,NSE: KIRIINDUS
Kirloskar Brothers Limited,NSE: KIRLOSBROS
Kirloskar Electric Company Limited,NSE: KECL
Kirloskar Industries Limited,NSE: KIRLOSIND
Kirloskar Oil Engines Limited,NSE: KIRLOSENG
Kitex Garments Limited,NSE: KITEX
KKV Agro Powers Limited,NSE: KKVAPOW
KNR Constructions Limited,NSE: KNRCON
Kohinoor Foods Limited,NSE: KOHINOOR
Kokuyo Camlin Limited,NSE: KOKUYOCMLN
Kolte – Patil Developers Limited,NSE: KOLTEPATIL
Kopran Limited,NSE: KOPRAN
Kotak Mahindra Bank Limited,NSE: KOTAKBANK
Kothari Petrochemicals Limited,NSE: KOTHARIPET
Kothari Products Limited,NSE: KOTHARIPRO
Kothari Sugars And Chemicals Limited,NSE: KOTARISUG
KPIT Technologies Limited,NSE: KPITTECH
KRBL Limited,NSE: KRBL
Krebs Biochemicals and Industries Limited,NSE: KREBSBIO
Kridhan Infra Limited,NSE: KRIDHANINF
Krishana Phoschem Limited,NSE: KRISHANA
Kritika Wires Limited,NSE: KRITIKA
Ksb Limited,NSE: KSB
Kshitij Polyline Limited,NSE: KSHITIJPOL
KSK Energy Ventures Limited,NSE: KSK
KSS Limited,NSE: KSERASERA
Kuantum Papers Limited,NSE: KUANTUM
Kwality Limited,NSE: KWALITY
L&T Finance Holdings Limited,NSE: L&TFH
L&T Technology Services Limited,NSE: LTTS
La Opala RG Limited,NSE: LAOPALA
Lagnam Spintex Limited,NSE: LAGNAM
Lakshmi Finance & Industrial Corporation Limited,NSE: LFIC
Lakshmi Machine Works Limited,NSE: LAXMIMACH
Lakshmi Precision Screws Limited,NSE: LAKPRE
Lakshmi Vilas Bank Limited,NSE: LAKSHVILAS
Lambodhara Textiles Limited,NSE: LAMBODHARA
Landmark Property Development Company Limited,NSE: LPDC
Larsen & Toubro Infotech Limited,NSE: LTI
Larsen & Toubro Limited,NSE: LT
Lasa Supergenerics Limited,NSE: LASA
Latteys Industries Limited,NSE: LATTEYS
Laurus Labs Limited,NSE: LAURUSLABS
Laxmi Cotspin Limited,NSE: LAXMICOT
Lemon Tree Hotels Limited,NSE: LEMONTREE
Lexus Granito (India) Limited,NSE: LEXUS
LG Balakrishnan & Bros Limited,NSE: LGBBROSLTD
LGB Forge Limited,NSE: LGBFORGE
Libas Designs Limited,NSE: LIBAS
Liberty Shoes Limited,NSE: LIBERTSHOE
LIC Housing Finance Limited,NSE: LICHSGFIN
Likhitha Infrastructure Limited,NSE: LIKHITHA
Linc Pen & Plastics Limited,NSE: LINCPEN
Lincoln Pharmaceuticals Limited,NSE: LINCOLN
Linde India Limited,NSE: LINDEINDIA
Lloyds Steels Industries Limited,NSE: LSIL
Lokesh Machines Limited,NSE: LOKESHMACH
Lotus Eye Hospital and Institute Limited,NSE: LOTUSEYE
Lovable Lingerie Limited,NSE: LOVABLE
LT Foods Limited,NSE: DAAWAT
Lumax Auto Technologies Limited,NSE: LUMAXTECH
Lumax Industries Limited,NSE: LUMAXIND
Lupin Limited,NSE: LUPIN
Lux Industries Limited,NSE: LUXIND
Lyka Labs Limited,NSE: LYKALABS
Lypsa Gems & Jewellery Limited,NSE: LYPSAGEMS
M K Proteins Limited,NSE: MKPL
M.R. Organisation Limited,NSE: MRO
Maan Aluminium Limited,NSE: MAANALU
Macpower CNC Machines Limited,NSE: MACPOWER
Madhav Copper Limited,NSE: MCL
Madhav Marbles and Granites Limited,NSE: MADHAV
Madhucon Projects Limited,NSE: MADHUCON
Madhya Bharat Agro Products Limited,NSE: MBAPL
Madhya Pradesh Today Media Limited,NSE: MPTODAY
Madras Fertilizers Limited,NSE: MADRASFERT
Magadh Sugar & Energy Limited,NSE: MAGADSUGAR
Magma Fincorp Limited,NSE: MAGMA
Magnum Ventures Limited,NSE: MAGNUM
Maha Rashtra Apex Corporation Limited,NSE: MAHAPEXLTD
Mahamaya Steel Industries Limited,NSE: MAHASTEEL
Mahanagar Gas Limited,NSE: MGL
Mahanagar Telephone Nigam Limited,NSE: MTNL
Maharashtra Scooters Limited,NSE: MAHSCOOTER
Maharashtra Seamless Limited,NSE: MAHSEAMLES
Maheshwari Logistics Limited,NSE: MAHESHWARI
Mahickra Chemicals Limited,NSE: MAHICKRA
Mahindra & Mahindra Financial Services Limited,NSE: M&MFIN
Mahindra & Mahindra Limited,NSE: M&M
Mahindra CIE Automotive Limited,NSE: MAHINDCIE
Mahindra EPC Irrigation Limited,NSE: MAHEPC
Mahindra Holidays & Resorts India Limited,NSE: MHRIL
Mahindra Lifespace Developers Limited,NSE: MAHLIFE
Mahindra Logistics Limited,NSE: MAHLOG
Maithan Alloys Limited,NSE: MAITHANALL
Majesco Limited,NSE: MAJESCO
Malu Paper Mills Limited,NSE: MALUPAPER
Man Industries (India) Limited,NSE: MANINDS
Man Infraconstruction Limited,NSE: MANINFRA
Manaksia Aluminium Company Limited,NSE: MANAKALUCO
Manaksia Coated Metals & Industries Limited,NSE: MANAKCOAT
Manaksia Limited,NSE: MANAKSIA
Manaksia Steels Limited,NSE: MANAKSTEEL
Manali Petrochemicals Limited,NSE: MANALIPETC
Manappuram Finance Limited,NSE: MANAPPURAM
Manav Infra Projects Limited,NSE: MANAV
Mangalam Cement Limited,NSE: MANGLMCEM
Mangalam Drugs And Organics Limited,NSE: MANGALAM
Mangalam Global Enterprise Limited,NSE: MGEL
Mangalam Timber Products Limited,NSE: MANGTIMBER
Mangalore Chemicals & Fertilizers Limited,NSE: MANGCHEFER
Mangalore Refinery and Petrochemicals Limited,NSE: MRPL
Manugraph India Limited,NSE: MANUGRAPH
Maral Overseas Limited,NSE: MARALOVER
Marathon Nextgen Realty Limited,NSE: MARATHON
Marico Limited,NSE: MARICO
Marine Electricals (India) Limited,NSE: MARINE
Marksans Pharma Limited,NSE: MARKSANS
Marshall Machines Limited,NSE: MARSHALL
Maruti Suzuki India Limited,NSE: MARUTI
Marvel Decor Limited,NSE: MDL
MAS Financial Services Limited,NSE: MASFIN
Mask Investments Limited,NSE: MASKINVEST
Mastek Limited,NSE: MASTEK
Matrimony.com Limited,NSE: MATRIMONY
Mawana Sugars Limited,NSE: MAWANASUG
Max Financial Services Limited,NSE: MFSL
Max Healthcare Institute Limited,NSE: MAXHEALTH
Max India Limited,NSE: MAXINDIA
Max Ventures and Industries Limited,NSE: MAXVIL
Mayur Uniquoters Ltd,NSE: MAYURUNIQ
Mazagon Dock Shipbuilders Limited,NSE: MAZDOCK
Mazda Limited,NSE: MAZDA
MBL Infrastructures Limited,NSE: MBLINFRA
McDowell Holdings Limited,NSE: MCDHOLDING
Mcleod Russel India Limited,NSE: MCLEODRUSS
Mcnally Bharat Engineering Company Limited,NSE: MBECL
Megasoft Limited,NSE: MEGASOFT
Meghmani Organics Limited,NSE: MEGH
Melstar Information Technologies Limited,NSE: MELSTAR
Menon Bearings Limited,NSE: MENONBE
MEP Infrastructure Developers Limited,NSE: MEP
Mercator Limited,NSE: MERCATOR
Metalyst Forgings Limited,NSE: METALFORGE
Metkore Alloys & Industries Limited,NSE: METKORE
Metropolis Healthcare Limited,NSE: METROPOLIS
MIC Electronics Limited,NSE: MIC
MIG Media Neurons Limited,NSE: MMNL
Milton Industries Limited,NSE: MILTON
Minda Corporation Limited,NSE: MINDACORP
Minda Industries Limited,NSE: MINDAIND
Mindpool Technologies Limited,NSE: MINDPOOL
Mindteck (India) Limited,NSE: MINDTECK
MindTree Limited,NSE: MINDTREE
MIRC Electronics Limited,NSE: MIRCELECTR
Mirza International Limited,NSE: MIRZAINT
Mishra Dhatu Nigam Limited,NSE: MIDHANI
MITCON Consultancy & Engineering Services Limited,NSE: MITCON
Mittal Life Style Limited,NSE: MITTAL
MM Forgings Limited,NSE: MMFL
MMP Industries Limited,NSE: MMP
MMTC Limited,NSE: MMTC
Modi Rubber Limited,NSE: MODIRUBBER
Mohini Health & Hygiene Limited,NSE: MHHL
Mohit Industries Limited,NSE: MOHITIND
Mohota Industries Limited,NSE: MOHOTAIND
MOIL Limited,NSE: MOIL
Moksh Ornaments Limited,NSE: MOKSH
Mold-Tek Packaging Limited,NSE: MOLDTKPAC
Mold-Tek Technologies Limited,NSE: MOLDTECH
Monnet Ispat & Energy Limited,NSE: AIONJSW
Monte Carlo Fashions Limited,NSE: MONTECARLO
Morarjee Textiles Limited,NSE: MORARJEE
Morepen Laboratories Limited,NSE: MOREPENLAB
Motherson Sumi Systems Limited,NSE: MOTHERSUMI
Motilal Oswal Financial Services Limited,NSE: MOTILALOFS
Mphasis,NSE: MPHASIS
MPS Limited,NSE: MPSLTD
MRF Limited,NSE: MRF
MRO-TEK Realty Limited,NSE: MRO-TEK
MSP Steel & Power Limited,NSE: MSPL
MSTC Limited,NSE: MSTCLTD
MT Educare Limited,NSE: MTEDUCARE
Mukand Engineers Limited,NSE: MUKANDENGG
Mukand Limited,NSE: MUKANDLTD
Mukta Arts Limited,NSE: MUKTAARTS
Munjal Auto Industries Limited,NSE: MUNJALAU
Munjal Showa Limited,NSE: MUNJALSHOW
Murudeshwar Ceramics Limited,NSE: MURUDCERA
Music Broadcast Limited,NSE: RADIOCITY
Muthoot Capital Services Limited,NSE: MUTHOOTCAP
Muthoot Finance Limited,NSE: MUTHOOTFIN
N R Agarwal Industries Limited,NSE: NRAIL
N. B. I. Industrial Finance Company Limited,NSE: NBIFIN
NACL Industries Limited,NSE: NACLIND
Naga Dhunseri Group Limited,NSE: NDGL
Nagarjuna Fertilizers and Chemicals Limited,NSE: NAGAFERT
Nagreeka Capital & Infrastructure Limited,NSE: NAGREEKCAP
Nagreeka Exports Limited,NSE: NAGREEKEXP
Nahar Capital and Financial Services Limited,NSE: NAHARCAP
Nahar Industrial Enterprises Limited,NSE: NAHARINDUS
Nahar Poly Films Limited,NSE: NAHARPOLY
Nahar Spinning Mills Limited,NSE: NAHARSPING
Nalwa Sons Investments Limited,NSE: NSIL
Nandan Denim Limited,NSE: NDL
Nandani Creation Limited,NSE: NANDANI
Narayana Hrudayalaya Ltd.,NSE: NH
Narmada Agrobase Limited,NSE: NARMADA
Natco Pharma Limited,NSE: NATCOPHARM
Nath Bio-Genes (India) Limited,NSE: NATHBIOGEN
National Aluminium Company Limited,NSE: NATIONALUM
National Fertilizers Limited,NSE: NFL
National Steel And Agro Industries Limited,NSE: NATNLSTEEL
Nava Bharat Ventures Limited,NSE: NBVENTURES
Navin Fluorine International Limited,NSE: NAVINFLUOR
Navkar Corporation Limited,NSE: NAVKARCORP
Navneet Education Limited,NSE: NAVNETEDUL
NBCC (India) Limited,NSE: NBCC
NCC Limited,NSE: NCC
NCL Industries Limited,NSE: NCLIND
Nectar Lifesciences Limited,NSE: NECLIFE
Nelcast Limited,NSE: NELCAST
NELCO Limited,NSE: NELCO
Neogen Chemicals Limited,NSE: NEOGEN
Nesco Limited,NSE: NESCO
Network18 Media & Investments Limited,NSE: NETWORK18
Neueon Towers Limited,NSE: NTL
Neuland Laboratories Limited,NSE: NEULANDLAB
New Delhi Television Limited,NSE: NDTV
Newgen Software Technologies Limited,NSE: NEWGEN
Next Mediaworks Limited,NSE: NEXTMEDIA
NHPC Limited,NSE: NHPC
NIIT Limited,NSE: NIITLTD
Nila Infrastructures Limited,NSE: NILAINFRA
Nila Spaces Limited,NSE: NILASPACES
Nilkamal Limited,NSE: NILKAMAL
Nippon Life India Asset Management Limited,NSE: NAM-INDIA
Niraj Ispat Industries Limited,NSE: NIRAJISPAT
Nitco Limited,NSE: NITCO
Nitin Fire Protection Industries Limited,NSE: NITINFIRE
Nitin Spinners Limited,NSE: NITINSPIN
Nitiraj Engineers Limited,NSE: NITIRAJ
NK Industries Limited,NSE: NKIND
NLC India Limited,NSE: NLCINDIA
NMDC Limited,NSE: NMDC
NOCIL Limited,NSE: NOCIL
Noida Toll Bridge Company Limited,NSE: NOIDATOLL
Norben Tea & Exports Limited,NSE: NORBTEAEXP
North Eastern Carrying Corporation Limited,NSE: NECCLTD
NRB Bearing Limited,NSE: NRBBEARING
NRB Industrial Bearings Limited,NSE: NIBL
NTPC Limited,NSE: NTPC
Nucleus Software Exports Limited,NSE: NUCLEUS
NXTDigital Limited,NSE: NXTDIGITAL
Oberoi Realty Limited,NSE: OBEROIRLTY
OCL Iron and Steel Limited,NSE: OISL
Oil & Natural Gas Corporation Limited,NSE: ONGC
Oil Country Tubular Limited,NSE: OILCOUNTUB
Oil India Limited,NSE: OIL
Olectra Greentech Limited,NSE: OLECTRA
OM Metals Infraprojects Limited,NSE: OMMETALS
Omax Autos Limited,NSE: OMAXAUTO
Omaxe Limited,NSE: OMAXE
Omfurn India Limited,NSE: OMFURN
Omkar Speciality Chemicals Limited,NSE: OMKARCHEM
One Point One Solutions Limited,NSE: ONEPOINT
Onelife Capital Advisors Limited,NSE: ONELIFECAP
OnMobile Global Limited,NSE: ONMOBILE
Onward Technologies Limited,NSE: ONWARDTEC
Opal Luxury Time Products Limited,NSE: OPAL
Optiemus Infracom Limited,NSE: OPTIEMUS
Opto Circuits (India) Limited,NSE: OPTOCIRCUI
Oracle Financial Services Software Limited,NSE: OFSS
Orbit Exports Limited,NSE: ORBTEXP
Orchid Pharma Limited,NSE: ORCHIDPHAR
Oricon Enterprises Limited,NSE: ORICONENT
Orient Abrasives Limited,NSE: ORIENTABRA
Orient Bell Limited,NSE: ORIENTBELL
Orient Cement Limited,NSE: ORIENTCEM
Orient Electric Limited,NSE: ORIENTELEC
Orient Green Power Company Limited,NSE: GREENPOWER
Orient Paper & Industries Limited,NSE: ORIENTPPR
Orient Press Limited,NSE: ORIENTLTD
Orient Refractories Limited,NSE: ORIENTREF
Oriental Aromatics Limited,NSE: OAL
Oriental Carbon & Chemicals Limited,NSE: OCCL
Oriental Hotels Limited,NSE: ORIENTHOT
Oriental Trimex Limited,NSE: ORIENTALTL
Ortel Communications Limited,NSE: ORTEL
Ortin Laboratories Limited,NSE: ORTINLABSS
Osia Hyper Retail Limited,NSE: OSIAHYPER
Oswal Agro Mills Limited,NSE: OSWALAGRO
Oswal Chemicals & Fertilizers Limited,NSE: BINDALAGRO
PAE Limited,NSE: PAEL
Page Industries Limited,NSE: PAGEIND
Paisalo Digital Limited,NSE: PAISALO
Palash Securities Limited,NSE: PALASHSECU
Palred Technologies Limited,NSE: PALREDTEC
Panacea Biotec Limited,NSE: PANACEABIO
Panache Digilife Limited,NSE: PANACHE
Panama Petrochem Limited,NSE: PANAMAPET
Pansari Developers Limited,NSE: PANSARI
Par Drugs and Chemicals Limited,NSE: PAR
Parabolic Drugs Limited,NSE: PARABDRUGS
Parag Milk Foods Limited,NSE: PARAGMILK
Paramount Communications Limited,NSE: PARACABLES
Parin Furniture Limited,NSE: PARIN
Parsvnath Developers Limited,NSE: PARSVNATH
Pashupati Cotspin Limited,NSE: PASHUPATI
Patel Engineering Limited,NSE: PATELENG
Patel Integrated Logistics Limited,NSE: PATINTLOG
Patspin India Limited,NSE: PATSPINLTD
PC Jeweller Limited,NSE: PCJEWELLER
PDS Multinational Fashions Limited,NSE: PDSMFL
Pearl Global Industries Limited,NSE: PGIL
Pearl Polymers Limited,NSE: PEARLPOLY
Peninsula Land Limited,NSE: PENINLAND
Pennar Industries Limited,NSE: PENIND
Penta Gold Limited,NSE: PENTAGOLD
Perfect Infraengineers Limited,NSE: PERFECT
Persistent Systems Limited,NSE: PERSISTENT
Petronet LNG Limited,NSE: PETRONET
Pfizer Limited,NSE: PFIZER
PG Electroplast Limited,NSE: PGEL
Phillips Carbon Black Limited,NSE: PHILIPCARB
PI Industries Limited,NSE: PIIND
Pidilite Industries Limited,NSE: PIDILITIND
Pil Italica Lifestyle Limited,NSE: PILITA
Pilani Investment and Industries Corporation Limited,NSE: PILANIINVS
Pioneer Distilleries Limited,NSE: PIONDIST
Pioneer Embroideries Limited,NSE: PIONEEREMB
Piramal Enterprises Limited,NSE: PEL
Pitti Engineering Limited,NSE: PITTIENG
Plastiblends India Limited,NSE: PLASTIBLEN
PNB Gilts Limited,NSE: PNBGILTS
PNB Housing Finance Limited,NSE: PNBHOUSING
PNC Infratech Limited,NSE: PNCINFRA
Poddar Housing and Development Limited,NSE: PODDARHOUS
Poddar Pigments Limited,NSE: PODDARMENT
Pokarna Limited,NSE: POKARNA
Poly Medicure Limited,NSE: POLYMED
Polycab India Limited,NSE: POLYCAB
Polyplex Corporation Limited,NSE: POLYPLEX
Ponni Sugars (Erode) Limited,NSE: PONNIERODE
Power & Instrumentation (Gujarat) Limited,NSE: PIGL
Power Finance Corporation Limited,NSE: PFC
Power Grid Corporation of India Limited,NSE: POWERGRID
Power Mech Projects Limited,NSE: POWERMECH
Powerful Technologies Limited,NSE: POWERFUL
PPAP Automotive Limited,NSE: PPAP
Prabhat Dairy Limited,NSE: PRABHAT
Pradip Overseas Limited,NSE: PRADIP
Praj Industries Limited,NSE: PRAJIND
Prajay Engineers Syndicate Limited,NSE: PRAENG
Prakash Industries Limited,NSE: PRAKASH
Prakash Pipes Limited,NSE: PPL
Prakash Steelage Limited,NSE: PRAKASHSTL
Prataap Snacks Limited,NSE: DIAMONDYD
Praxis Home Retail Limited,NSE: PRAXIS
Precision Camshafts Limited,NSE: PRECAM
Precision Wires India Limited,NSE: PRECWIRE
Precot Meridian Limited,NSE: PRECOT
Premier Explosives Limited,NSE: PREMEXPLN
Premier Limited,NSE: PREMIER
Premier Polyfilm Limited,NSE: PREMIERPOL
Pressman Advertising Limited,NSE: PRESSMN
Prestige Estates Projects Limited,NSE: PRESTIGE
Pricol Limited,NSE: PRICOLLTD
Prime Focus Limited,NSE: PFOCUS
Prime Securities Limited,NSE: PRIMESECU
Prizor Viztech Limited,NSE: PRIZOR
Prince Pipes And Fittings Limited,NSE: PRINCEPIPE
Prism Johnson Limited,NSE: PRSMJOHNSN
Priti International Limited,NSE: PRITI
Pritish Nandy Communications Limited,NSE: PNC
Procter & Gamble Health Limited,NSE: PGHL
Procter & Gamble Hygiene and Health Care Limited,NSE: PGHH
Prolife Industries Limited,NSE: PROLIFE
Proseed India Limited,NSE: PROSEED
Prozone Intu Properties Limited,NSE: PROZONINTU
PSL Limited,NSE: PSL
PSP Projects Limited,NSE: PSPPROJECT
PTC India Financial Services Limited,NSE: PFS
PTC India Limited,NSE: PTC
PTL Enterprises Limited,NSE: PTL
Pudumjee Paper Products Limited,NSE: PDMJEPAPER
Pulz Electronics Limited,NSE: PULZ
Punj Lloyd Limited,NSE: PUNJLLOYD
Punjab & Sind Bank,NSE: PSB
Punjab Chemicals & Crop Protection Limited,NSE: PUNJABCHEM
Punjab National Bank,NSE: PNB
Puravankara Limited,NSE: PURVA
Pushpanjali Realms and Infratech Limited,NSE: PUSHPREALM
PVR Limited,NSE: PVR
Quess Corp Limited,NSE: QUESS
Quick Heal Technologies Limited,NSE: QUICKHEAL
R M Drip and Sprinklers Systems Limited,NSE: RMDRIP
R Systems International Limited,NSE: RSYSTEMS
R. S. Software (India) Limited,NSE: RSSOFTWARE
R.P.P. Infra Projects Limited,NSE: RPPINFRA
Radaan Mediaworks India Limited,NSE: RADAAN
Radha Madhav Corporation Limited,NSE: RMCL
Rajputana Biodiesel Ltd,NSE: RAJPUTANA
Radico Khaitan Limited,NSE: RADICO
Rail Vikas Nigam Limited,NSE: RVNL
Rain Industries Limited,NSE: RAIN
Raj Oil Mills Limited,NSE: RAJOIL
Raj Rayon Industries Limited,NSE: RAJRAYON
Raj Television Network Limited,NSE: RAJTV
Rajdarshan Industries Limited,NSE: ARENTERP
Rajesh Exports Limited,NSE: RAJESHEXPO
Rajnandini Metal Limited,NSE: RAJMET
Rajshree Polypack Limited,NSE: RPPL
Rajshree Sugars & Chemicals Limited,NSE: RAJSREESUG
Rallis India Limited,NSE: RALLIS
Rama Steel Tubes Limited,NSE: RAMASTEEL
Ramco Industries Limited,NSE: RAMCOIND
Ramco Systems Limited,NSE: RAMCOSYS
Ramkrishna Forgings Limited,NSE: RKFORGE
Ramky Infrastructure Limited,NSE: RAMKY
Ramsarup Industries Limited,NSE: RAMSARUP
Rana Sugars Limited,NSE: RANASUG
Rane (Madras) Limited,NSE: RML
Rane Brake Lining Limited,NSE: RBL
Rane Engine Valve Limited,NSE: RANEENGINE
Rane Holdings Limited,NSE: RANEHOLDIN
Rashtriya Chemicals and Fertilizers Limited,NSE: RCF
Ratnamani Metals & Tubes Limited,NSE: RATNAMANI
RattanIndia Infrastructure Limited,NSE: RTNINFRA
RattanIndia Power Limited,NSE: RTNPOWER
Ravi Kumar Distilleries Limited,NSE: RKDL
Raymond Limited,NSE: RAYMOND
RBL Bank Limited,NSE: RBLBANK
REC Limited,NSE: RECLTD
Redington (India) Limited,NSE: REDINGTON
Refex Industries Limited,NSE: REFEX
Relaxo Footwears Limited,NSE: RELAXO
Reliable Data Services Limited,NSE: RELIABLE
Reliance Capital Limited,NSE: RELCAPITAL
Reliance Communications Limited,NSE: RCOM
Reliance Home Finance Limited,NSE: RHFL
Reliance Industrial Infrastructure Limited,NSE: RIIL
Reliance Industries Limited,NSE: RELIANCE
Reliance Infrastructure Limited,NSE: RELINFRA
Reliance Power Limited,NSE: RPOWER
Religare Enterprises Limited,NSE: RELIGARE
Remsons Industries Limited,NSE: REMSONSIND
Renaissance Global Limited,NSE: RGL
Repco Home Finance Limited,NSE: REPCOHOME
Repro India Limited,NSE: REPRO
Responsive Industries Limited,NSE: RESPONIND
Revathi Equipment Limited,NSE: REVATHI
Rico Auto Industries Limited,NSE: RICOAUTO
RITES Limited,NSE: RITES
RKEC Projects Limited,NSE: RKEC
Rohit Ferro-Tech Limited,NSE: ROHITFERRO
Rollatainers Limited,NSE: ROLLT
Rolta India Limited,NSE: ROLTA
Rossari Biotech Limited,NSE: ROSSARI
Rossell India Limited,NSE: ROSSELLIND
Route Mobile Limited,NSE: ROUTE
Royal Orchid Hotels Limited,NSE: ROHLTD
RPG Life Sciences Limited,NSE: RPGLIFE
RSWM Limited,NSE: RSWM
Ruchi Infrastructure Limited,NSE: RUCHINFRA
Ruchi Soya Industries Limited,NSE: RUCHI
Ruchira Papers Limited,NSE: RUCHIRA
Rudrabhishek Enterprises Limited,NSE: REPL
Rupa & Company Limited,NSE: RUPA
Rushil Decor Limited,NSE: RUSHIL
S Chand And Company Limited,NSE: SCHAND
S H Kelkar and Company Limited,NSE: SHK
S&S Power Switchgears Limited,NSE: S&SPOWER
S. P. Apparels Limited,NSE: SPAL
S.A.L. Steel Limited,NSE: SALSTEEL
S.E. Power Limited,NSE: SEPOWER
S.S. Infrastructure Development Consultants Limited,NSE: SSINFRA
Sab Events & Governance Now Media Limited,NSE: SABEVENTS
Sadbhav Engineering Limited,NSE: SADBHAV
Sadbhav Infrastructure Project Limited,NSE: SADBHIN
Safari Industries (India) Limited,NSE: SAFARI
Sagar Cements Limited,NSE: SAGCEM
Sagardeep Alloys Limited,NSE: SAGARDEEP
Sakar Healthcare Limited,NSE: SAKAR
Saketh Exim Limited,NSE: SAKETH
Saksoft Limited,NSE: SAKSOFT
Sakthi Sugars Limited,NSE: SAKHTISUG
Sakuma Exports Limited,NSE: SAKUMA
Salasar Exteriors and Contour Limited,NSE: SECL
Salasar Techno Engineering Limited,NSE: SALASAR
Salona Cotspin Limited,NSE: SALONA
Salzer Electronics Limited,NSE: SALZERELEC
Sambhaav Media Limited,NSE: SAMBHAAV
Sanco Industries Limited,NSE: SANCO
Sandhar Technologies Limited,NSE: SANDHAR
Sangam (India) Limited,NSE: SANGAMIND
Sanghi Industries Limited,NSE: SANGHIIND
Sanghvi Forging and Engineering Limited,NSE: SANGHVIFOR
Sanghvi Movers Limited,NSE: SANGHVIMOV
Sanginita Chemicals Limited,NSE: SANGINITA
Sanofi India Limited,NSE: SANOFI
Sanwaria Consumer Limited,NSE: SANWARIA
Sarda Energy & Minerals Limited,NSE: SARDAEN
Saregama India Limited,NSE: SAREGAMA
Sarla Performance Fibers Limited,NSE: SARLAPOLY
Sarveshwar Foods Limited,NSE: SARVESHWAR
Sasken Technologies Limited,NSE: SASKEN
Sastasundar Ventures Limited,NSE: SASTASUNDR
Sathavahana Ispat Limited,NSE: SATHAISPAT
Satia Industries Limited,NSE: SATIA
Satin Creditcare Network Limited,NSE: SATIN
Savita Oil Technologies Limited,NSE: SOTL
SBI Cards and Payment Services Limited,NSE: SBICARD
SBI Life Insurance Company Limited,NSE: SBILIFE
Schaeffler India Limited,NSE: SCHAEFFLER
Schneider Electric Infrastructure Limited,NSE: SCHNEIDER
Seamec Limited,NSE: SEAMECLTD
SecUR Credentials Limited,NSE: SECURCRED
Security and Intelligence Services (India) Limited,NSE: SIS
SEL Manufacturing Company Limited,NSE: SELMCL
Selan Exploration Technology Limited,NSE: SELAN
Sequent Scientific Limited,NSE: SEQUENT
Servotech Power Systems Limited,NSE: SERVOTECH
Seshasayee Paper and Boards Limited,NSE: SESHAPAPER
Setco Automotive Limited,NSE: SETCO
Setubandhan Infrastructure Limited,NSE: SETUINFRA
Seya Industries Limited,NSE: SEYAIND
Sejal Glass Limited,NSE: SEJAL
Shah Alloys Limited,NSE: SHAHALLOYS
Shaival Reality Limited,NSE: SHAIVAL
Shakti Pumps (India) Limited,NSE: SHAKTIPUMP
Shalby Limited,NSE: SHALBY
Shalimar Paints Limited,NSE: SHALPAINTS
Shankara Building Products Limited,NSE: SHANKARA
Shanthi Gears Limited,NSE: SHANTIGEAR
Shanti Overseas (India) Limited,NSE: SHANTI
Sharda Cropchem Limited,NSE: SHARDACROP
Sharda Motor Industries Limited,NSE: SHARDAMOTR
Sharon Bio-Medicine Limited,NSE: SHARONBIO
Sheela Foam Limited,NSE: SFL
Shekhawati Poly-Yarn Limited,NSE: SPYL
Shemaroo Entertainment Limited,NSE: SHEMAROO
Shilpa Medicare Limited,NSE: SHILPAMED
Shipping Corporation of India Limited,NSE: SCI
Shirpur Gold Refinery Limited,NSE: SHIRPUR-G
Shiv Aum Steels Limited,NSE: SHIVAUM
Shiva Mills Limited,NSE: SHIVAMILLS
Shiva Texyarn Limited,NSE: SHIVATEX
Shivam Autotech Limited,NSE: SHIVAMAUTO
Shoppers Stop Limited,NSE: SHOPERSTOP
Shradha Infraprojects Limited,NSE: SHRADHA
Shree Cement Limited,NSE: SHREECEM
Shree Digvijay Cement Co.Ltd,NSE: SHREDIGCEM
Shree Pushkar Chemicals & Fertilisers Limited,NSE: SHREEPUSHK
Shree Ram Proteins Limited,NSE: SRPL
Shree Rama Multi-Tech Limited,NSE: SHREERAMA
Shree Rama Newsprint Limited,NSE: RAMANEWS
Shree Renuka Sugars Limited,NSE: RENUKA
Shree Tirupati Balajee FIBC Limited,NSE: TIRUPATI
Shree Vasu Logistics Limited,NSE: SVLL
ShreeOswal Seeds And Chemicals Limited,NSE: OSWALSEEDS
Shrenik Limited,NSE: SHRENIK
Shreyans Industries Limited,NSE: SHREYANIND
Shreyas Shipping & Logistics Limited,NSE: SHREYAS
Shri Ram Switchgears Limited,NSE: SRIRAM
Shriram City Union Finance Limited,NSE: SHRIRAMCIT
Shriram EPC Limited,NSE: SHRIRAMEPC
Shriram Pistons & Rings Limited,NSE: SHRIPISTON
Shriram Transport Finance Company Limited,NSE: SRTRANSFIN
Shubhlaxmi Jewel Art Limited,NSE: SHUBHLAXMI
Shyam Century Ferrous Limited,NSE: SHYAMCENT
Shyam Metalics and Energy Ltd,NSE: SHYAMMETL
Shyam Telecom Limited,NSE: SHYAMTEL
Sicagen India Limited,NSE: SICAGEN
Sical Logistics Limited,NSE: SICAL
Siemens Limited,NSE: SIEMENS
Signet Industries Limited,NSE: SIGIND
Sikko Industries Limited,NSE: SIKKO
SIL Investments Limited,NSE: SILINV
Silgo Retail Limited,NSE: SILGO
Silly Monks Entertainment Limited,NSE: SILLYMONKS
Silver Touch Technologies Limited,NSE: SILVERTUC
Simbhaoli Sugars Limited,NSE: SIMBHALS
Simplex Infrastructures Limited,NSE: SIMPLEXINF
Sintercom India Limited,NSE: SINTERCOM
Sintex Industries Limited,NSE: SINTEX
Sintex Plastics Technology Limited,NSE: SPTL
Sirca Paints India Limited,NSE: SIRCA
Siti Networks Limited,NSE: SITINET
Siyaram Silk Mills Limited,NSE: SIYSIL
SJVN Limited,NSE: SJVN
SKF India Limited,NSE: SKFINDIA
SKIL Infrastructure Limited,NSE: SKIL
Skipper Limited,NSE: SKIPPER
SKM Egg Products Export (India) Limited,NSE: SKMEGGPROD
SKS Textiles Limited,NSE: SKSTEXTILE
Smartlink Holdings Limited,NSE: SMARTLINK
SML Isuzu Limited,NSE: SMLISUZU
SMS Lifesciences India Limited,NSE: SMSLIFE
SMS Pharmaceuticals Limited,NSE: SMSPHARMA
SMVD Poly Pack Limited,NSE: SMVD
Snowman Logistics Limited,NSE: SNOWMAN
Sobha Limited,NSE: SOBHA
Softtech Engineers Limited,NSE: SOFTTECH
Solar Industries India Limited,NSE: SOLARINDS
Solara Active Pharma Sciences Limited,NSE: SOLARA
Solex Energy Limited,NSE: SOLEX
Som Distilleries & Breweries Limited,NSE: SDBL
Soma Textiles & Industries Limited,NSE: SOMATEX
Somany Ceramics Limited,NSE: SOMANYCERA
Somany Home Innovation Limited,NSE: SHIL
Somi Conveyor Beltings Limited,NSE: SOMICONVEY
Sona Hi Sona Jewellers (Gujarat) Limited,NSE: SONAHISONA
Sonam Clock Limited,NSE: SONAMCLOCK
Sonata Software Limited,NSE: SONATSOFTW
Soni Soya Products Limited,NSE: SONISOYA
SORIL Infra Resources Limited,NSE: SORILINFRA
South West Pinnacle Exploration Limited,NSE: SOUTHWEST
Southern Petrochemicals Industries Corporation Limited,NSE: SPIC
Spacenet Enterprises India Limited,NSE: SPCENET
Spandana Sphoorty Financial Limited,NSE: SPANDANA
Speciality Restaurants Limited,NSE: SPECIALITY
Spectrum Electrical Industries Limited,NSE: SPECTRUM
Spencer's Retail Limited,NSE: SPENCERS
Spentex Industries Limited,NSE: SPENTEX
SPL Industries Limited,NSE: SPLIL
Splendid Metal Products Limited,NSE: SMPL
SPML Infra Limited,NSE: SPMLINFRA
Sree Rayalaseema Hi-Strength Hypo Limited,NSE: SRHHYPOLTD
Sreeleathers Limited,NSE: SREEL
SREI Infrastructure Finance Limited,NSE: SREINFRA
SRF Limited,NSE: SRF
Sri Adhikari Brothers Television Network Limited,NSE: SABTN
Sri Havisha Hospitality and Infrastructure Limited,NSE: HAVISHA
Srikalahasthi Pipes Limited,NSE: SRIPIPES
Stampede Capital Limited,NSE: STAMPEDE
Standard Industries Limited,NSE: SIL
Star Cement Limited,NSE: STARCEMENT
Star Paper Mills Limited,NSE: STARPAPER
State Bank of India,NSE: SBIN
Steel Authority of India Limited,NSE: SAIL
Steel City Securities Limited,NSE: STEELCITY
Steel Exchange India Limited,NSE: STEELXIND
Steel Strips Wheels Limited,NSE: SSWL
Stel Holdings Limited,NSE: STEL
Sterling And Wilson Solar Limited,NSE: SWSOLAR
Sterling Tools Limited,NSE: STERTOOLS
Sterlite Technologies Limited,NSE: STRTECH
STI India Limited,NSE: STINDIA
STL Global Limited,NSE: SGL
Strides Pharma Science Limited,NSE: STAR
Subex Limited,NSE: SUBEXLTD
Subros Limited,NSE: SUBROS
Sudarshan Chemical Industries Limited,NSE: SUDARSCHEM
Sujana Universal Industries Limited,NSE: SUJANAUNI
Sumeet Industries Limited,NSE: SUMEETINDS
Sumit Woods Limited,NSE: SUMIT
Sumitomo Chemical India Limited,NSE: SUMICHEM
Summit Securities Limited,NSE: SUMMITSEC
Sun Pharma Advanced Research Company Limited,NSE: SPARC
Sun Pharmaceutical Industries Limited,NSE: SUNPHARMA
Sun TV Network Limited,NSE: SUNTV
Sundaram Brake Linings Limited,NSE: SUNDRMBRAK
Sundaram Clayton Limited,NSE: SUNCLAYLTD
Sundaram Finance Holdings Limited,NSE: SUNDARMHLD
Sundaram Finance Limited,NSE: SUNDARMFIN
Sundaram Multi Pap Limited,NSE: SUNDARAM
Sundram Fasteners Limited,NSE: SUNDRMFAST
Sunflag Iron And Steel Company Limited,NSE: SUNFLAG
Super Spinning Mills Limited,NSE: SUPERSPIN
Superhouse Limited,NSE: SUPERHOUSE
Suprajit Engineering Limited,NSE: SUPRAJIT
Supreme Engineering Limited,NSE: SUPREMEENG
Supreme Industries Limited,NSE: SUPREMEIND
Supreme Infrastructure India Limited,NSE: SUPREMEINF
Supreme Petrochem Limited,NSE: SUPPETRO
Surana Solar Limited,NSE: SURANASOL
Surana Telecom and Power Limited,NSE: SURANAT&P
Surani Steel Tubes Limited,NSE: SURANI
Surevin BPO Services Limited,NSE: SUREVIN
Surya Roshni Limited,NSE: SURYAROSNI
Suryalakshmi Cotton Mills Limited,NSE: SURYALAXMI
Sutlej Textiles and Industries Limited,NSE: SUTLEJTEX
Suumaya Lifestyle Limited,NSE: SUULD
Suven Life Sciences Limited,NSE: SUVEN
Suven Pharmaceuticals Limited,NSE: SUVENPHAR
Suzlon Energy Limited,NSE: SUZLON
Swan Defence and Heavy Industries Limited,NSE: SWANDEF
Swan Energy Limited,NSE: SWANENERGY
Swaraj Engines Limited,NSE: SWARAJENG
Swelect Energy Systems Limited,NSE: SWELECTES
Symphony Limited,NSE: SYMPHONY
Syncom Healthcare Limited,NSE: SYNCOM
Syngene International Limited,NSE: SYNGENE
T T Limited,NSE: TTL
Tainwala Chemical and Plastic (I) Limited,NSE: TAINWALCHM
Taj GVK Hotels & Resorts Limited,NSE: TAJGVK
Take Solutions Limited,NSE: TAKE
Talbros Automotive Components Limited,NSE: TALBROAUTO
Talwalkars Better Value Fitness Limited,NSE: TALWALKARS
Talwalkars Healthclubs Limited,NSE: TALWGYM
Tamil Nadu Newsprint & Papers Limited,NSE: TNPL
Tamil Nadu Petroproducts Limited,NSE: TNPETRO
Tamil Nadu Telecommunication Limited,NSE: TNTELE
Tanla Solutions Limited,NSE: TANLA
Tantia Constructions Limited,NSE: TANTIACONS
Tara Chand Logistic Solutions Limited,NSE: TARACHAND
Tarmat Limited,NSE: TARMAT
Tasty Bite Eatables Limited,NSE: TASTYBITE
Tata Chemicals Limited,NSE: TATACHEM
Tata Coffee Limited,NSE: TATACOFFEE
Tata Communications Limited,NSE: TATACOMM
Tata Consultancy Services Limited,NSE: TCS
Tata Consumer Products Limited,NSE: TATACONSUM
Tata Elxsi Limited,NSE: TATAELXSI
Tata Investment Corporation Limited,NSE: TATAINVEST
Tata Metaliks Limited,NSE: TATAMETALI
Tata Motors Limited,NSE: TATAMOTORS
Tata Power Company Limited,NSE: TATAPOWER
Tata Steel Bsl Limited,NSE: TATASTLBSL
Tata Steel Limited,NSE: TATASTEEL
Tata Steel Long Products Limited,NSE: TATASTLLP
Tata Teleservices (Maharashtra) Limited,NSE: TTML
TCI Developers Limited,NSE: TCIDEVELOP
TCI Express Limited,NSE: TCIEXP
TCI Finance Limited,NSE: TCIFINANCE
TCNS Clothing Co. Limited,NSE: TCNSBRANDS
TCPL Packaging Limited,NSE: TCPLPACK
TD Power Systems Limited,NSE: TDPOWERSYS
Teamlease Services Limited,NSE: TEAMLEASE
Tech Mahindra Limited,NSE: TECHM
Techindia Nirman Limited,NSE: TECHIN
Techno Electric & Engineering Company Limited,NSE: TECHNOE
Technocraft Industries (India) Limited,NSE: TIIL
Technofab Engineering Limited,NSE: TECHNOFAB
Tejas Networks Limited,NSE: TEJASNET
Tera Software Limited,NSE: TERASOFT
Texmaco Infrastructure & Holdings Limited,NSE: TEXINFRA
Texmaco Rail & Engineering Limited,NSE: TEXRAIL
Texmo Pipes and Products Limited,NSE: TEXMOPIPES
TGB Banquets And Hotels Limited,NSE: TGBHOTELS
Thangamayil Jewellery Limited,NSE: THANGAMAYL
The Andhra Sugars Limited,NSE: ANDHRSUGAR
The Anup Engineering Limited,NSE: ANUP
The Byke Hospitality Ltd,NSE: BYKE
The Federal Bank Limited,NSE: FEDERALBNK
The Great Eastern Shipping Company Limited,NSE: GESHIP
The Grob Tea Company Limited,NSE: GROBTEA
The Hi-Tech Gears Limited,NSE: HITECHGEAR
The India Cements Limited,NSE: INDIACEM
The Indian Hotels Company Limited,NSE: INDHOTEL
The Investment Trust Of India Limited,NSE: THEINVEST
The Jammu & Kashmir Bank Limited,NSE: J&KBANK
The Karnataka Bank Limited,NSE: KTKBANK
The Mandhana Retail Ventures Limited,NSE: TMRVL
The Motor & General Finance Limited,NSE: MOTOGENFIN
The New India Assurance Company Limited,NSE: NIACL
The Orissa Minerals Development Company Limited,NSE: ORISSAMINE
The Peria Karamalai Tea & Produce Company Limited,NSE: PKTEA
The Phoenix Mills Limited,NSE: PHOENIXLTD
The Ramco Cements Limited,NSE: RAMCOCEM
The Ruby Mills Limited,NSE: RUBYMILLS
The Sandesh Limited,NSE: SANDESH
The South Indian Bank Limited,NSE: SOUTHBANK
The State Trading Corporation of India Limited,NSE: STCINDIA
The Tinplate Company of India Limited,NSE: TINPLATE
The Ugar Sugar Works Limited,NSE: UGARSUGAR
The United Nilgiri Tea Estates Company Limited,NSE: UNITEDTEA
The Western India Plywoods Limited,NSE: WIPL
Thejo Engineering Limited,NSE: THEJO
Themis Medicare Limited,NSE: THEMISMED
Thermax Limited,NSE: THERMAX
Thiru Arooran Sugars Limited,NSE: THIRUSUGAR
Thirumalai Chemicals Limited,NSE: TIRUMALCHM
Thomas Cook (India) Limited,NSE: THOMASCOOK
Thomas Scott (India) Limited,NSE: THOMASCOTT
Thyrocare Technologies Limited,NSE: THYROCARE
Tide Water Oil Company (India) Limited,NSE: TIDEWATER
Tijaria Polypipes Limited,NSE: TIJARIA
TIL Limited,NSE: TIL
Tilaknagar Industries Limited,NSE: TI
Time Technoplast Limited,NSE: TIMETECHNO
Times Guaranty Limited,NSE: TIMESGTY
Timken India Limited,NSE: TIMKEN
TIPS Industries Limited,NSE: TIPSINDLTD
Tirupati Forge Limited,NSE: TIRUPATIFL
Titagarh Wagons Limited,NSE: TWL
Titan Company Limited,NSE: TITAN
Tokyo Plast International Limited,NSE: TOKYOPLAST
Torrent Pharmaceuticals Limited,NSE: TORNTPHARM
Torrent Power Limited,NSE: TORNTPOWER
Total Transport Systems Limited,NSE: TOTAL
Touchwood Entertainment Limited,NSE: TOUCHWOOD
Tourism Finance Corporation of India Limited,NSE: TFCILTD
TPL Plastech Limited,NSE: TPLPLASTEH
Transformers And Rectifiers (India) Limited,NSE: TRIL
Transport Corporation of India Limited,NSE: TCI
Transwarranty Finance Limited,NSE: TFL
Transwind Infrastructures Limited,NSE: TRANSWIND
Tree House Education & Accessories Limited,NSE: TREEHOUSE
Trejhara Solutions Limited,NSE: TREJHARA
Trent Limited,NSE: TRENT
TRF Limited,NSE: TRF
Tribhovandas Bhimji Zaveri Limited,NSE: TBZ
Trident Limited,NSE: TRIDENT
Trigyn Technologies Limited,NSE: TRIGYN
Triveni Engineering & Industries Limited,NSE: TRIVENI
Triveni Turbine Limited,NSE: TRITURBINE
TTK Healthcare Limited,NSE: TTKHLTCARE
TTK Prestige Limited,NSE: TTKPRESTIG
Tube Investments of India Limited,NSE: TIINDIA
TV Today Network Limited,NSE: TVTODAY
TV Vision Limited,NSE: TVVISION
TV18 Broadcast Limited,NSE: TV18BRDCST
TVS Electronics Limited,NSE: TVSELECT
TVS Motor Company Limited,NSE: TVSMOTOR
TVS Srichakra Limited,NSE: TVSSRICHAK
Ucal Fuel Systems Limited,NSE: UCALFUEL
UCO Bank,NSE: UCOBANK
UFLEX Limited,NSE: UFLEX
UFO Moviez India Limited,NSE: UFO
UGRO Capital Limited,NSE: UGROCAP
Ujaas Energy Limited,NSE: UJAAS
Ujjivan Financial Services Limited,NSE: UJJIVAN
Ujjivan Small Finance Bank Limited,NSE: UJJIVANSFB
Ultra Wiring Connectivity System Limited,NSE: UWCSL
UltraTech Cement Limited,NSE: ULTRACEMCO
Umang Dairies Limited,NSE: UMANGDAIRY
Unichem Laboratories Limited,NSE: UNICHEMLAB
Uniinfo Telecom Services Limited,NSE: UNIINFO
Union Bank of India,NSE: UNIONBANK
Uniphos Enterprises Limited,NSE: UNIENTER
Uniply Industries Limited,NSE: UNIPLY
Unitech Limited,NSE: UNITECH
United Breweries Limited,NSE: UBL
United Polyfab Gujarat Limited,NSE: UNITEDPOLY
United Spirits Limited,NSE: MCDOWELL-N
Unity Infraprojects Limited,NSE: UNITY
Univastu India Limited,NSE: UNIVASTU
Universal Cables Limited,NSE: UNIVCABLES
Universus Photo Imagings Limited,NSE: UNIVPHOTO
UPL Limited,NSE: UPL
Uravi T and Wedge Lamps Limited,NSE: URAVI
Urja Global Limited,NSE: URJA
Usha Martin Education & Solutions Limited,NSE: UMESLTD
Usha Martin Limited,NSE: USHAMART
Ushanti Colour Chem Limited,NSE: UCL
UTI Asset Management Company Limited,NSE: UTIAMC
Uttam Galva Steels Limited,NSE: UTTAMSTL
Uttam Sugar Mills Limited,NSE: UTTAMSUGAR
Uttam Value Steels Limited,NSE: UVSL
Shukla industries Pvt LTD,NSE: VSTTILLERS
V2 Retail Limited,NSE: V2RETAIL
VA Tech Wabag Limited,NSE: WABAG
Vadilal Industries Limited,NSE: VADILALIND
Vadivarhe Speciality Chemicals Limited,NSE: VSCL
Vaibhav Global Limited,NSE: VAIBHAVGBL
Vaishali Pharma Limited,NSE: VAISHALI
Vakrangee Limited,NSE: VAKRANGEE
Vardhman Acrylics Limited,NSE: VARDHACRLC
Vardhman Holdings Limited,NSE: VHL
Vardhman Polytex Limited,NSE: VARDMNPOLY
Vardhman Special Steels Limited,NSE: VSSL
Vardhman Textiles Limited,NSE: VTL
Varroc Engineering Limited,NSE: VARROC
Varun Beverages Limited,NSE: VBL
Vasa Retail and Overseas Ltd,NSE: VASA
Vascon Engineers Limited,NSE: VASCONEQ
Vaswani Industries Limited,NSE: VASWANI
Vaxtex Cotfab Limited,NSE: VCL
Vedanta Limited,NSE: VEDL
Venky's (India) Limited,NSE: VENKEYS
Venus Remedies Limited,NSE: VENUSREM
Vera Synthetic Limited,NSE: VERA
Vertoz Advertising Limited,NSE: VERTOZ
Vesuvius India Limited,NSE: VESUVIUS
Veto Switchgears And Cables Limited,NSE: VETO
V-Guard Industries Limited,NSE: VGUARD
Viceroy Hotels Limited,NSE: VICEROY
Videocon Industries Limited,NSE: VIDEOIND
Vidhi Specialty Food Ingredients Limited,NSE: VIDHIING
Viji Finance Limited,NSE: VIJIFIN
Vikas EcoTech Limited,NSE: VIKASECO
Vikas Multicorp Limited,NSE: VIKASMCORP
Vimta Labs Limited,NSE: VIMTALABS
Vinati Organics Limited,NSE: VINATIORGA
Vindhya Telelinks Limited,NSE: VINDHYATEL
Vinny Overseas Limited,NSE: VINNY
Vinyl Chemicals (India) Limited,NSE: VINYLINDIA
VIP Clothing Limited,NSE: VIPCLOTHNG
VIP Industries Limited,NSE: VIPIND
Vipul Limited,NSE: VIPULLTD
Visa Steel Limited,NSE: VISASTEEL
Visagar Polytex Limited,NSE: VIVIDHA
Visaka Industries Limited,NSE: VISAKAIND
Vishnu Chemicals Limited,NSE: VISHNU
Vishwaraj Sugar Industries Limited,NSE: VISHWARAJ
Vivimed Labs Limited,NSE: VIVIMEDLAB
VLS Finance Limited,NSE: VLSFINANCE
V-Mart Retail Limited,NSE: VMART
Vodafone Idea Limited,NSE: IDEA
Voltamp Transformers Limited,NSE: VOLTAMP
Voltas Limited,NSE: VOLTAS
VRL Logistics Limited,NSE: VRLLOG
VST Industries Limited,NSE: VSTIND
W S Industries (I) Limited,NSE: WSI
WABCO India Limited,NSE: WABCOINDIA
Walchandnagar Industries Limited,NSE: WALCHANNAG
Wanbury Limited,NSE: WANBURY
Wealth First Portfolio Managers Limited,NSE: WEALTH
Websol Energy System Limited,NSE: WEBELSOLAR
Weizmann Limited,NSE: WEIZMANIND
Welspun Corp Limited,NSE: WELCORP
Welspun Enterprises Limited,NSE: WELENT
Welspun India Limited,NSE: WELSPUNIND
Welspun Investments and Commercials Limited,NSE: WELINV
Wendt (India) Limited,NSE: WENDT
West Coast Paper Mills Limited,NSE: WSTCSTPAPR
Wheels India Limited,NSE: WHEELS
Whirlpool of India Limited,NSE: WHIRLPOOL
Williamson Magor & Company Limited,NSE: WILLAMAGOR
Windsor Machines Limited,NSE: WINDMACHIN
Wipro Limited,NSE: WIPRO
Wockhardt Limited,NSE: WOCKPHARMA
Wonder Fibromats Limited,NSE: WFL
Wonderla Holidays Limited,NSE: WONDERLA
Worth Peripherals Limited,NSE: WORTH
Xchanging Solutions Limited,NSE: XCHANGING
Xelpmoc Design And Tech Limited,NSE: XELPMOC
Xpro India Limited,NSE: XPROINDIA
Yes Bank Limited,NSE: YESBANK
Zee Entertainment Enterprises Limited,NSE: ZEEL
Zee Learn Limited,NSE: ZEELEARN
Zee Media Corporation Limited,NSE: ZEEMEDIA
Zen Technologies Limited,NSE: ZENTEC
Zenith Birla (India) Limited,NSE: ZENITHBIR
Zenith Exports Limited,NSE: ZENITHEXPO
Zensar Technologies Limited,NSE: ZENSARTECH
Zicom Electronic Security Systems Limited,NSE: ZICOM
Zodiac Clothing Company Limited,NSE: ZODIACLOTH
Zodiac Energy Limited,NSE: ZODIAC
Zodiac JRD- MKJ Limited,NSE: ZODJRDMKJ
Zota Health Care Limited,NSE: ZOTA
Zuari Agro Chemicals Limited,NSE: ZUARI
Zuari Global Limited,NSE: ZUARIGLOB
Zydus Wellness Limited,NSE: ZYDUSWELL
ZAGGLE Zaggle,NSE: ZAGGLE
